Residue Index,pLDDT
1,0.239
2,0.24
3,0.255
4,0.291
5,0.288
6,0.3
7,0.321
8,0.334
9,0.321
10,0.351
11,0.374
12,0.347
13,0.366
14,0.378
15,0.433
16,0.419
17,0.442
18,0.456
19,0.454
20,0.44
21,0.441
22,0.44
23,0.46
24,0.48
25,0.503
26,0.436
27,0.441
28,0.455
29,0.48
30,0.562
31,0.622
32,0.646
33,0.669
34,0.714
35,0.734
36,0.704
37,0.702
38,0.709
39,0.722
40,0.768
41,0.786
42,0.814
43,0.786
44,0.781
45,0.73
46,0.74
47,0.803
48,0.809
49,0.834
50,0.8
51,0.8
52,0.782
53,0.785
54,0.781
55,0.762
56,0.774
57,0.728
58,0.664
59,0.646
60,0.585
61,0.613
62,0.709
63,0.744
64,0.754
65,0.766
66,0.778
67,0.802
68,0.8
69,0.823
70,0.806
71,0.823
72,0.795
73,0.775
74,0.736
75,0.668
76,0.584
77,0.502
78,0.502
79,0.485
80,0.516
81,0.572
82,0.6
83,0.629
84,0.66
85,0.713
86,0.734
87,0.755
88,0.76
89,0.757
90,0.776
91,0.763
92,0.728
93,0.655
94,0.635
95,0.536
96,0.552
97,0.717
98,0.814
99,0.807
100,0.818
101,0.849
102,0.878
103,0.88
104,0.888
105,0.866
106,0.856
107,0.821
108,0.818
109,0.84
110,0.87
111,0.893
112,0.886
113,0.905
114,0.88
115,0.876
116,0.856
117,0.828
118,0.787
119,0.798
120,0.774
121,0.776
122,0.825
123,0.768
124,0.712
125,0.782
126,0.806
127,0.808
128,0.838
129,0.864
130,0.87
131,0.898
132,0.884
133,0.896
134,0.856
135,0.874
136,0.854
137,0.844
138,0.835
139,0.814
140,0.816
141,0.738
142,0.608
143,0.514
144,0.5
145,0.426
146,0.393
147,0.406
148,0.412
149,0.494
150,0.51
151,0.632
152,0.646
153,0.758
154,0.797
155,0.811
156,0.864
157,0.872
158,0.902
159,0.924
160,0.914
161,0.904
162,0.868
163,0.84
164,0.867
165,0.886
166,0.902
167,0.909
168,0.893
169,0.884
170,0.817
171,0.81
172,0.803
173,0.827
174,0.864
175,0.856
176,0.864
177,0.832
178,0.824
179,0.847
180,0.868
181,0.896
182,0.894
183,0.904
184,0.864
185,0.864
186,0.834
187,0.848
188,0.84
189,0.798
190,0.776
191,0.68
192,0.69
193,0.679
194,0.61
195,0.546
196,0.526
197,0.451
198,0.452
199,0.421
200,0.396
201,0.426
202,0.364
203,0.346
204,0.363
205,0.346
206,0.354
207,0.324
208,0.347
209,0.363
210,0.391
211,0.39
212,0.407
213,0.411
214,0.436
215,0.405
216,0.414
217,0.413
218,0.426
219,0.38
220,0.385
221,0.384
222,0.401
223,0.442
224,0.57
225,0.671
226,0.746
227,0.704
228,0.732
229,0.754
230,0.768
231,0.824
232,0.864
233,0.905
234,0.894
235,0.893
236,0.868
237,0.848
238,0.808
239,0.754
240,0.698
241,0.771
242,0.816
243,0.856
244,0.884
245,0.92
246,0.909
247,0.894
248,0.844
249,0.804
250,0.754
251,0.622
252,0.562
253,0.444
254,0.431
255,0.442
256,0.44
257,0.466
258,0.499
259,0.62
260,0.694
261,0.763
262,0.786
263,0.823
264,0.788
265,0.774
266,0.734
267,0.675
268,0.711
269,0.766
270,0.806
271,0.796
272,0.779
273,0.737
274,0.679
275,0.614
276,0.522
277,0.467
278,0.41
279,0.396
280,0.424
281,0.458
282,0.528
283,0.608
284,0.644
285,0.713
286,0.754
287,0.78
288,0.778
289,0.765
290,0.661
291,0.642
292,0.616
293,0.588
294,0.702
295,0.714
296,0.728
297,0.732
298,0.684
299,0.65
300,0.505
301,0.453
302,0.374
303,0.36
304,0.372
305,0.36
306,0.384
307,0.323
308,0.32
309,0.301
310,0.323
311,0.303
312,0.342
313,0.31
314,0.319
315,0.33
316,0.318
317,0.342
318,0.368
319,0.344
320,0.326
321,0.346
322,0.348
323,0.33
324,0.348
325,0.357
326,0.435
327,0.473
328,0.556
329,0.641
330,0.684
331,0.716
332,0.719
333,0.678
334,0.678
335,0.694
336,0.67
337,0.686
338,0.717
339,0.722
340,0.723
341,0.701
342,0.68
343,0.664
344,0.632
345,0.586
346,0.552
347,0.477
348,0.453
349,0.376
350,0.4
351,0.434
352,0.518
353,0.588
354,0.646
355,0.68
356,0.696
357,0.694
358,0.699
359,0.677
360,0.678
361,0.602
362,0.558
363,0.632
364,0.658
365,0.664
366,0.679
367,0.67
368,0.664
369,0.647
370,0.63
371,0.562
372,0.52
373,0.492
374,0.447
375,0.484
376,0.51
377,0.53
378,0.495
379,0.524
380,0.577
381,0.612
382,0.668
383,0.698
384,0.7
385,0.683
386,0.65
387,0.642
388,0.604
389,0.604
390,0.653
391,0.68
392,0.698
393,0.684
394,0.678
395,0.666
396,0.646
397,0.626
398,0.619
399,0.591
400,0.55
401,0.526
402,0.488
403,0.476
404,0.518
405,0.556
406,0.57
407,0.602
408,0.608
409,0.591
410,0.627
411,0.615
412,0.59
413,0.592
414,0.584
415,0.566
416,0.531
417,0.468
418,0.456
419,0.402
420,0.424
421,0.318
