group	rank	name	tm_score	n_iface_atoms	hydrophobicity	charge	HBD	HBA	aromaticity	linearity	planarity	sphericity	curvature
TOP	1	A_B_b2_noPTM_A	1.0000	54	-0.35021	-0.11111	0.20988	0.39815	0.11111	0.37726	0.36601	0.25673	0.13284
TOP	2	A_B_b3_noPTM_A	0.9952	54	-0.34321	-0.07407	0.23457	0.38889	0.11111	0.38942	0.32216	0.28841	0.14535
TOP	3	b3_A	0.9952	52	-0.34957	-0.07692	0.23077	0.38462	0.11538	0.38493	0.32950	0.28556	0.14419
TOP	4	3d12_A	0.9952	52	-0.34957	-0.07692	0.23077	0.38462	0.11538	0.38493	0.32950	0.28556	0.14419
TOP	5	A_B_b3_A	0.9952	52	-0.34957	-0.07692	0.23077	0.38462	0.11538	0.38493	0.32950	0.28556	0.14419
TOP	6	6vy5_A	0.9625	47	-0.26619	-0.02128	0.21986	0.32979	0.08511	0.37715	0.34671	0.27613	0.14225
TOP	7	2vsm_A	1.0000	38	-0.32456	-0.10526	0.18421	0.36842	0.07895	0.41661	0.39080	0.19259	0.10628
TOP	8	6pdl_A	0.9784	50	-0.39644	-0.12000	0.21333	0.43000	0.12000	0.37820	0.40626	0.21553	0.11473
TOP	9	8ja5_A	0.9826	44	-0.26162	-0.02273	0.22727	0.32955	0.09091	0.37263	0.32666	0.30070	0.15079
TOP	10	2vsk_A	0.9651	48	-0.43843	-0.06250	0.24306	0.40625	0.10417	0.37768	0.34839	0.27393	0.14210
TOP	11	8xc4_A	0.9844	55	-0.37859	0.00000	0.26667	0.37273	0.23636	0.42778	0.32546	0.24676	0.13049
TOP	12	3d11	0.9885	23	-0.33623	-0.13043	0.20290	0.41304	0.04348	0.42405	0.31604	0.25991	0.13748
TOP	13	9dvd_A	0.9444	52	-0.44530	-0.01923	0.27564	0.39423	0.09615	0.40722	0.30915	0.28362	0.14763
TOP	14	A_B_b2	1.0000	39	-0.34188	-0.07692	0.20513	0.35897	0.07692	0.43400	0.36464	0.20136	0.11143
TOP	15	6pd4_A	0.9867	42	-0.35873	-0.09524	0.18254	0.35714	0.04762	0.38277	0.33831	0.27892	0.14192
G1	24	2x9m_A	0.9878	51	-0.49020	0.01961	0.32026	0.43137	0.19608	0.45131	0.32760	0.22109	0.12027
G1	29	6cmg_A	0.9858	48	-0.46065	-0.08333	0.25000	0.43750	0.12500	0.37961	0.37798	0.24242	0.12813
G1	32	8wjb_A	0.8463	53	-0.29392	0.24528	0.40252	0.24528	0.00000	0.41229	0.32752	0.26019	0.13658
G1	33	6p72_A	0.9120	52	-0.39359	0.09615	0.32692	0.32692	0.05769	0.37533	0.35556	0.26911	0.13791
G1	37	1v3d_A	0.8740	18	-0.18025	0.22222	0.31481	0.19444	0.00000	0.41037	0.38602	0.20361	0.10937
G1	40	7syy_A	0.9659	39	-0.48262	-0.02564	0.29060	0.42308	0.17949	0.41951	0.34468	0.23581	0.12387
G1	42	8vf1_A	0.9837	66	-0.40875	-0.03030	0.27273	0.42424	0.18182	0.42828	0.32401	0.24772	0.13061
G1	44	5nop_A	0.8513	22	-0.31919	0.31818	0.45455	0.20455	0.00000	0.54329	0.21276	0.24395	0.13480
G1	60	6vy4_A	0.9715	34	-0.27516	-0.02941	0.22549	0.35294	0.02941	0.52319	0.27931	0.19750	0.11387
G1	63	2vwd_A	0.9788	37	-0.32673	0.05405	0.25225	0.31081	0.18919	0.43176	0.38420	0.18404	0.10240
