Chain_ID,Residue_Number,Residue_Name,SASA (nm^2)
A,27,ALA,0.7522828
A,28,TYR,1.5016472
A,29,THR,0.12582462
A,30,ASN,0.5407146
A,31,SER,0.016069613
A,32,PHE,0.3811577
A,33,THR,0.3276447
A,34,ARG,0.18482941
A,35,GLY,0.0
A,36,VAL,0.0011391548
A,37,TYR,0.0
A,38,TYR,0.13623914
A,39,PRO,0.28500184
A,40,ASP,0.5329218
A,41,LYS,0.69769025
A,42,VAL,0.09990783
A,43,PHE,0.0491831
A,44,ARG,0.29875112
A,45,SER,0.41032445
A,46,SER,0.8096481
A,47,VAL,0.3047306
A,48,LEU,0.61243486
A,49,HIS,0.53310674
A,50,SER,0.55631876
A,51,THR,0.22303015
A,52,GLN,1.2489402
A,53,ASP,0.29885787
A,54,LEU,0.33461368
A,55,PHE,0.0
A,56,LEU,0.010063569
A,57,PRO,0.07170293
A,58,PHE,0.1734288
A,59,PHE,0.99669707
A,60,SER,0.27796882
A,61,ASN,1.1813316
A,62,VAL,0.010063569
A,63,THR,0.40122756
A,64,TRP,0.48502982
A,65,PHE,0.15724327
A,66,HIS,0.7098937
A,67,ALA,0.3954271
A,68,ILE,1.2105752
A,69,HIS,2.3102117
A,80,ASP,0.86339074
A,81,ASN,0.27617675
A,82,PRO,0.45969555
A,83,VAL,0.71303946
A,84,LEU,0.23523591
A,85,PRO,0.64005697
A,86,PHE,0.033964545
A,87,ASN,0.9369276
A,88,ASP,1.049788
A,89,GLY,0.0011161031
A,90,VAL,0.008805623
A,91,TYR,0.025158923
A,92,PHE,0.0037738383
A,93,ALA,0.0
A,94,SER,0.008928825
A,95,THR,0.011728404
A,96,GLU,0.06498767
A,97,LYS,1.5319132
A,98,SER,0.59957427
A,99,ASN,0.49769974
A,100,ILE,0.2427836
A,101,ILE,0.022889435
A,102,ARG,0.51951396
A,103,GLY,0.0012579461
A,104,TRP,0.17862836
A,105,ILE,0.0025158923
A,106,PHE,0.008805623
A,107,GLY,0.0
A,108,THR,0.32305866
A,109,THR,0.70850414
A,110,LEU,0.18933794
A,111,ASP,0.42724195
A,112,SER,0.40730685
A,113,LYS,1.620701
A,114,THR,0.3164132
A,115,GLN,0.6095908
A,116,SER,0.012579462
A,117,LEU,0.0011391548
A,118,LEU,0.24570638
A,119,ILE,0.17485452
A,120,VAL,0.31826037
A,121,ASN,0.4328619
A,122,ASN,0.74712217
A,123,ALA,0.8536237
A,124,THR,1.1643933
A,125,ASN,0.6337227
A,126,VAL,0.49185693
A,127,VAL,0.30105603
A,128,ILE,0.12327872
A,129,LYS,0.6263312
A,130,VAL,0.0012579461
A,131,CYS,0.16895485
A,132,GLU,0.5715815
A,133,PHE,0.45018423
A,134,GLN,1.3551302
A,135,PHE,0.2901341
A,136,CYS,0.85060227
A,137,ASN,1.7041569
A,138,ASP,0.82927775
A,139,PRO,0.07030314
A,140,PHE,1.1739353
A,141,LEU,0.63903666
A,142,GLY,0.46143794
A,143,VAL,1.0860054
A,165,ASN,1.456471
A,166,CYS,0.86453533
A,167,THR,0.9998516
A,168,PHE,0.6618924
A,169,GLU,1.2230403
A,170,TYR,0.9944575
A,171,VAL,0.7902307
A,172,SER,0.76033455
A,186,PHE,0.33821988
A,187,LYS,1.2440155
A,188,ASN,0.75990593
A,189,LEU,0.014527982
A,190,ARG,0.33430868
A,191,GLU,0.030702157
A,192,PHE,0.21133496
A,193,VAL,0.0012579461
A,194,PHE,0.045286063
A,195,LYS,0.03704691
A,196,ASN,0.45450258
A,197,ILE,0.63356066
A,198,ASP,1.0432229
A,199,GLY,0.2411205
A,200,TYR,0.35726807
A,201,PHE,0.0
A,202,LYS,0.44692367
A,203,ILE,0.16987324
A,204,TYR,0.14807211
A,205,SER,0.07157244
A,206,LYS,0.66302884
A,207,HIS,1.1445054
A,208,THR,0.41687948
A,209,PRO,1.065026
A,210,ILE,0.14209199
A,211,ASN,1.365715
A,212,LEU,0.51900786
A,213,VAL,0.9796765
A,214,ARG,1.662564
A,215,ASP,0.3085234
A,216,LEU,0.106085725
A,217,PRO,0.20573579
A,218,GLN,1.3500547
A,219,GLY,0.2451807
A,220,PHE,0.5476872
A,221,SER,0.25500193
A,222,ALA,0.112013765
A,223,LEU,0.0
A,224,GLU,0.5139334
A,225,PRO,0.19598591
A,226,LEU,1.1515889
A,227,VAL,0.5086578
A,228,ASP,0.6236541
A,229,LEU,0.10566747
A,230,PRO,0.46538094
A,231,ILE,0.25389278
A,232,GLY,0.54282826
A,233,ILE,0.1547201
A,234,ASN,1.1165943
A,235,ILE,0.15583341
A,236,THR,0.5538213
A,237,ARG,1.1498097
A,238,PHE,0.025158923
A,239,GLN,0.18297556
A,240,THR,0.017918862
A,241,LEU,0.21105127
A,242,LEU,0.10818337
A,243,ALA,0.037138145
A,244,LEU,0.82049453
A,245,HIS,1.8768226
A,263,ALA,0.09801607
A,264,ALA,0.07841907
A,265,TYR,0.022217501
A,266,TYR,0.021631489
A,267,VAL,0.029462852
A,268,GLY,0.002397101
A,269,TYR,0.63045144
A,270,LEU,0.08482384
A,271,GLN,0.77275354
A,272,PRO,0.84732974
A,273,ARG,0.5571566
A,274,THR,0.48245147
A,275,PHE,0.0
A,276,LEU,0.017611247
A,277,LEU,0.0
A,278,LYS,0.83258563
A,279,TYR,0.07171429
A,280,ASN,0.4114636
A,281,GLU,1.4011041
A,282,ASN,0.92228025
A,283,GLY,0.0055805156
A,284,THR,0.51145077
A,285,ILE,0.04910854
A,286,THR,0.6009182
A,287,ASP,0.6333492
A,288,ALA,0.09152046
A,289,VAL,0.08931418
A,290,ASP,0.012461548
A,291,CYS,0.26083505
A,292,ALA,0.62677836
A,293,LEU,0.5884992
A,294,ASP,0.579298
A,295,PRO,0.43147552
A,296,LEU,0.14682332
A,297,SER,0.13170017
A,298,GLU,0.5650765
A,299,THR,0.0025158923
A,300,LYS,0.4021704
A,301,CYS,0.16145054
A,302,THR,0.6082371
A,303,LEU,0.64085877
A,304,LYS,0.96590275
A,305,SER,0.34633887
A,306,PHE,0.39299393
A,307,THR,0.7283144
A,308,VAL,0.01785765
A,309,GLU,1.0958852
A,310,LYS,1.163486
A,311,GLY,0.119504884
A,312,ILE,0.5754216
A,313,TYR,0.4433012
A,314,GLN,0.7641781
A,315,THR,0.27782378
A,316,SER,0.47379005
A,317,ASN,0.57052004
A,318,PHE,0.37081042
A,319,ARG,1.173057
A,320,VAL,0.4013006
A,321,GLN,1.1992666
A,322,PRO,0.47410065
A,323,THR,1.0739813
A,324,GLU,0.7348495
A,325,SER,0.6456144
A,326,ILE,0.0047480986
A,327,VAL,0.13585818
A,328,ARG,0.21757856
A,329,PHE,0.085379854
A,330,PRO,0.41032958
A,331,ASN,1.2099557
A,332,ILE,0.5816424
A,333,THR,1.1728158
A,334,ASN,0.8435358
A,335,LEU,1.3866959
A,336,CYS,0.17795508
A,337,PRO,0.40883252
A,338,PHE,0.17587487
A,339,GLY,0.44845724
A,340,GLU,1.2584068
A,341,VAL,0.084405586
A,342,PHE,0.18618739
A,343,ASN,1.3755175
A,344,ALA,0.2568115
A,345,THR,1.0508289
A,346,ARG,1.584539
A,347,PHE,0.09657088
A,348,ALA,0.17240866
A,349,SER,0.14650574
A,350,VAL,0.03636165
A,351,TYR,0.6641146
A,352,ALA,0.20243613
A,353,TRP,0.014857771
A,354,ASN,0.73913896
A,355,ARG,0.7500118
A,356,LYS,0.6418539
A,357,ARG,1.1715508
A,358,ILE,0.008805623
A,359,SER,0.32560343
A,360,ASN,0.9257828
A,361,CYS,0.031023124
A,362,VAL,0.24481805
A,363,ALA,0.0012579461
A,364,ASP,0.6054452
A,365,TYR,0.033397175
A,366,SER,0.39292014
A,367,VAL,0.960022
A,368,LEU,0.13305861
A,369,TYR,0.52936435
A,370,ASN,0.6665781
A,371,SER,0.40819994
A,372,ALA,0.77221787
A,373,SER,0.749244
A,374,PHE,0.3736068
A,375,SER,0.7339363
A,376,THR,0.45980042
A,377,PHE,0.4326966
A,378,LYS,0.94272465
A,379,CYS,0.20079061
A,380,TYR,0.8789883
A,381,GLY,0.1483558
A,382,VAL,0.0549241
A,383,SER,0.064771265
A,384,PRO,0.20107362
A,385,THR,0.6932224
A,386,LYS,0.5778059
A,387,LEU,0.014811668
A,388,ASN,0.41753167
A,389,ASP,0.392837
A,390,LEU,0.096578166
A,391,CYS,0.11272642
A,392,PHE,0.025158923
A,393,THR,0.125666
A,394,ASN,0.23006317
A,395,VAL,0.0
A,396,TYR,0.0868842
A,397,ALA,0.018425023
A,398,ASP,0.0
A,399,SER,0.13657875
A,400,PHE,0.0012579461
A,401,VAL,0.053572953
A,402,ILE,0.0163533
A,403,ARG,0.6295049
A,404,GLY,0.13494392
A,405,ASP,0.95453644
A,406,GLU,0.11003868
A,407,VAL,0.32431504
A,408,ARG,1.636553
A,409,GLN,0.24797222
A,410,ILE,0.03086264
A,411,ALA,0.10293959
A,412,PRO,0.29390067
A,413,GLY,0.2840879
A,414,GLN,0.5929647
A,415,THR,0.61704004
A,416,GLY,0.11644555
A,417,LYS,0.70348173
A,418,ILE,0.018869191
A,419,ALA,0.03674548
A,420,ASP,1.0288079
A,421,TYR,1.0009004
A,422,ASN,0.119960405
A,423,TYR,0.03402388
A,424,LYS,0.5545406
A,425,LEU,0.06833596
A,426,PRO,0.23649387
A,427,ASP,0.8827435
A,428,ASP,1.2228618
A,429,PHE,0.123980656
A,430,THR,0.423795
A,431,GLY,0.004912993
A,432,CYS,0.010393436
A,433,VAL,0.05953036
A,434,ILE,0.0
A,435,ALA,0.0050317845
A,436,TRP,0.3251529
A,437,ASN,0.57033753
A,438,SER,0.028932761
A,439,ASN,0.3150679
A,440,ASN,1.3780599
A,441,LEU,0.96785015
A,442,ASP,0.034901522
A,443,SER,0.16071886
A,444,LYS,1.3963573
A,447,GLY,0.4887529
A,448,ASN,0.12061034
A,449,TYR,1.4568907
A,450,ASN,1.1398839
A,451,TYR,0.1282173
A,452,LEU,0.45409992
A,453,TYR,0.4372247
A,454,ARG,0.5155599
A,462,LYS,1.863207
A,463,PRO,0.47854233
A,464,PHE,0.4114011
A,465,GLU,0.9387995
A,466,ARG,1.0883231
A,467,ASP,0.672367
A,468,ILE,1.1622566
A,489,TYR,2.6616905
A,490,PHE,1.5428632
A,491,PRO,0.76120806
A,492,LEU,0.72585034
A,493,GLN,0.7189623
A,494,SER,0.6162424
A,495,TYR,0.27951044
A,496,GLY,0.2362099
A,497,PHE,0.027674815
A,498,GLN,0.7406609
A,499,PRO,0.6649948
A,500,THR,1.2105187
A,501,ASN,0.5813096
A,503,VAL,1.1498222
A,504,GLY,0.14161777
A,505,TYR,1.2862306
A,506,GLN,0.25298077
A,507,PRO,0.0
A,508,TYR,0.29256815
A,509,ARG,0.0713891
A,510,VAL,0.012579461
A,511,VAL,0.0
A,512,VAL,0.0
A,513,LEU,0.023900976
A,514,SER,0.16853157
A,515,PHE,0.13078183
A,516,GLU,0.49313372
A,517,LEU,0.39623493
A,518,LEU,1.1861651
A,519,HIS,0.5156105
A,520,ALA,0.18131608
A,521,PRO,0.50012517
A,522,ALA,0.20184106
A,523,THR,0.3651367
A,524,VAL,0.0044644126
A,525,CYS,0.10413229
A,526,GLY,0.076056376
A,527,PRO,0.67451364
A,528,LYS,0.8232868
A,529,LYS,1.7934763
A,530,SER,0.54043615
A,531,THR,0.5027529
A,532,ASN,1.1975214
A,533,LEU,0.28546464
A,534,VAL,0.38870537
A,535,LYS,0.6886147
A,536,ASN,1.1728089
A,537,LYS,0.7115675
A,538,CYS,0.1341215
A,539,VAL,0.0
A,540,ASN,0.69513845
A,541,PHE,0.100352004
A,542,ASN,0.11415927
A,543,PHE,0.011321515
A,544,ASN,0.15898141
A,545,GLY,0.054177605
A,546,LEU,0.13146734
A,547,THR,0.41492403
A,548,GLY,0.1288557
A,549,THR,0.4515133
A,550,GLY,0.0
A,551,VAL,0.31322858
A,552,LEU,0.0
A,553,THR,0.3268796
A,554,GLU,1.3849404
A,555,SER,0.38335723
A,556,ASN,1.4025238
A,557,LYS,0.5415026
A,558,LYS,1.3795484
A,559,PHE,0.24148437
A,560,LEU,0.3631209
A,561,PRO,1.1424513
A,562,PHE,0.24257348
A,563,GLN,0.0045335675
A,564,GLN,0.07686133
A,565,PHE,0.0817665
A,566,GLY,0.005864202
A,567,ARG,0.48374948
A,568,ASP,0.45080838
A,569,ILE,0.82095456
A,570,ALA,0.06415425
A,571,ASP,0.4584906
A,572,THR,0.6087268
A,573,THR,0.3818822
A,574,ASP,0.29373288
A,575,ALA,0.0
A,576,VAL,0.0075476766
A,577,ARG,0.24048665
A,578,ASP,0.01785765
A,579,PRO,0.21830069
A,580,GLN,0.5767968
A,581,THR,0.6719419
A,582,LEU,1.3039201
A,583,GLU,0.65290487
A,584,ILE,0.25998428
A,585,LEU,0.0037738383
A,586,ASP,0.27118307
A,587,ILE,0.18611723
A,588,THR,0.5982418
A,589,PRO,0.42306948
A,590,CYS,0.16114636
A,591,SER,0.34013635
A,592,PHE,0.36951318
A,593,GLY,0.046425216
A,594,GLY,0.090021595
A,595,VAL,0.12453667
A,596,SER,0.058037363
A,597,VAL,0.0050317845
A,598,ILE,0.021385085
A,599,THR,0.0
A,600,PRO,0.07296087
A,601,GLY,0.106995456
A,602,THR,0.33834162
A,603,ASN,1.5518996
A,604,THR,0.9374439
A,605,SER,0.16488823
A,606,ASN,1.026221
A,607,GLN,0.7291104
A,608,VAL,0.33047596
A,609,ALA,0.0037738383
A,610,VAL,0.1471797
A,611,LEU,0.052833736
A,612,TYR,0.48212653
A,613,GLN,0.18742764
A,614,ASP,1.0708752
A,615,VAL,0.14753067
A,616,ASN,0.8855423
A,617,CYS,0.5101857
A,618,THR,0.8997719
A,619,GLU,1.0463008
A,620,VAL,0.6420649
A,641,ASN,1.2070544
A,642,VAL,0.884838
A,643,PHE,0.2993912
A,644,GLN,0.8094306
A,645,THR,0.15684773
A,646,ARG,2.1448035
A,647,ALA,0.08262891
A,648,GLY,0.015640553
A,649,CYS,0.013404129
A,650,LEU,0.0025158923
A,651,ILE,0.5738139
A,652,GLY,0.23639086
A,653,ALA,0.017167076
A,654,GLU,0.91125923
A,655,HIS,1.004835
A,656,VAL,0.2685958
A,657,ASN,1.5638576
A,658,ASN,0.91635025
A,659,SER,0.649053
A,660,TYR,0.7463285
A,661,GLU,1.5315013
A,662,CYS,0.5471989
A,663,ASP,0.6054353
A,664,ILE,0.09183007
A,665,PRO,0.523231
A,666,ILE,0.23133567
A,667,GLY,0.0163533
A,668,ALA,0.25796896
A,669,GLY,0.018869193
A,670,ILE,0.1283105
A,671,CYS,0.0
A,672,ALA,0.008805623
A,673,SER,0.066552356
A,674,TYR,0.5108466
A,675,GLN,0.6802827
A,676,THR,1.3570186
A,689,SER,1.3598981
A,690,GLN,0.92665297
A,691,SER,0.3021089
A,692,ILE,0.042939477
A,693,ILE,0.099377744
A,694,ALA,0.0
A,695,TYR,0.0135350805
A,696,THR,0.7072797
A,697,MET,0.18156116
A,698,SER,0.40182307
A,699,LEU,0.19182469
A,700,GLY,0.3150553
A,701,ALA,0.5681102
A,702,GLU,1.2979411
A,703,ASN,0.5492245
A,704,SER,0.6965099
A,705,VAL,0.122013494
A,706,ALA,0.6703203
A,707,TYR,0.22666115
A,708,SER,0.30307624
A,709,ASN,1.0505967
A,710,ASN,0.72285235
A,711,SER,0.21460141
A,712,ILE,0.074218825
A,713,ALA,0.10344663
A,714,ILE,0.012579462
A,715,PRO,0.044028115
A,716,THR,0.37951964
A,717,ASN,0.5186912
A,718,PHE,0.036850046
A,719,THR,0.5126528
A,720,ILE,0.08934417
A,721,SER,0.336469
A,722,VAL,0.19692177
A,723,THR,0.48884094
A,724,THR,0.5145275
A,725,GLU,0.4586284
A,726,ILE,0.14565668
A,727,LEU,0.10818337
A,728,PRO,0.17359656
A,729,VAL,0.020127138
A,730,SER,0.13607866
A,731,MET,0.0383323
A,732,THR,0.43628418
A,733,LYS,0.27079615
A,734,THR,0.104248926
A,735,SER,0.17778137
A,736,VAL,0.07882408
A,737,ASP,0.22005793
A,738,CYS,0.02573619
A,739,THR,0.5447734
A,740,MET,0.3031475
A,741,TYR,0.054830898
A,742,ILE,0.015625443
A,743,CYS,0.055805158
A,744,GLY,0.31735492
A,745,ASP,1.0661372
A,746,SER,0.0889418
A,747,THR,0.94076705
A,748,GLU,1.0282884
A,749,CYS,0.017425368
A,750,SER,0.3402769
A,751,ASN,0.90102905
A,752,LEU,0.14328708
A,753,LEU,0.10197955
A,754,LEU,1.2135868
A,755,GLN,0.6160184
A,756,TYR,0.24300408
A,757,GLY,0.3435093
A,758,SER,0.2579729
A,759,PHE,0.014669825
A,760,CYS,0.12187842
A,761,THR,0.7763287
A,762,GLN,0.35858223
A,763,LEU,0.14214791
A,764,ASN,0.4233985
A,765,ARG,1.1972463
A,766,ALA,0.16297445
A,767,LEU,0.08677965
A,768,THR,0.6513684
A,769,GLY,0.37679684
A,770,ILE,0.107945785
A,771,ALA,0.07509734
A,772,VAL,0.9133548
A,773,GLU,0.37266442
A,774,GLN,0.03701053
A,775,ASP,0.30352005
A,776,LYS,1.11933
A,777,ASN,0.04716002
A,778,THR,0.18526176
A,779,GLN,0.7621902
A,780,GLU,0.7871469
A,781,VAL,0.0012579461
A,782,PHE,0.05534963
A,783,ALA,0.32360265
A,784,GLN,0.45024222
A,785,VAL,0.12006497
A,786,LYS,1.2950768
A,787,GLN,0.424136
A,788,ILE,0.2813544
A,789,TYR,0.032508835
A,790,LYS,0.94102526
A,791,THR,0.36641964
A,792,PRO,0.18914491
A,793,PRO,1.2565739
A,794,ILE,1.1380157
A,795,LYS,1.1122144
A,796,ASP,0.47458208
A,797,PHE,0.037570834
A,798,GLY,0.32333902
A,799,GLY,0.5077109
A,800,PHE,0.09309937
A,801,ASN,0.8191469
A,802,PHE,0.059878767
A,803,SER,0.6259929
A,804,GLN,0.5751294
A,805,ILE,0.052919656
A,806,LEU,0.13612323
A,807,PRO,0.4510065
A,808,ASP,0.5058184
A,809,PRO,1.0559711
A,810,SER,1.0441829
A,811,LYS,0.78865564
A,812,PRO,1.352043
A,813,SER,0.29664466
A,814,LYS,1.2998713
A,815,ARG,0.401744
A,816,SER,0.0012579461
A,817,PHE,0.9441289
A,818,ILE,0.013837407
A,819,GLU,0.05245685
A,820,ASP,0.243997
A,821,LEU,0.27043977
A,822,LEU,0.0037738383
A,823,PHE,0.33766374
A,824,ASN,1.1659629
A,825,LYS,0.7680824
A,826,VAL,0.13760164
A,827,THR,1.3180715
A,854,LYS,1.3310547
A,855,PHE,0.82994807
A,856,ASN,0.28017053
A,857,GLY,0.033076208
A,858,LEU,0.20262662
A,859,THR,0.3317926
A,860,VAL,0.7982049
A,861,LEU,0.4478588
A,862,PRO,0.31862205
A,863,PRO,0.6576221
A,864,LEU,0.21762468
A,865,LEU,0.09867635
A,866,THR,0.40602565
A,867,ASP,0.7949939
A,868,GLU,0.9566976
A,869,MET,0.14592175
A,870,ILE,0.15975915
A,871,ALA,0.039242737
A,872,GLN,0.7407604
A,873,TYR,0.11956488
A,874,THR,0.04285609
A,875,SER,0.259515
A,876,ALA,0.0
A,877,LEU,0.0
A,878,LEU,0.0163533
A,879,ALA,0.013837407
A,880,GLY,0.0
A,881,THR,0.0047480986
A,882,ILE,0.0012579461
A,883,THR,0.0022322063
A,884,SER,0.018973753
A,885,GLY,0.033964545
A,886,TRP,0.65812194
A,887,THR,0.28537464
A,888,PHE,0.11246137
A,889,GLY,0.0520686
A,890,ALA,0.08100499
A,891,GLY,0.05677688
A,892,ALA,0.3210138
A,893,ALA,0.2298376
A,894,LEU,0.14071085
A,895,GLN,0.122192495
A,896,ILE,0.116870195
A,897,PRO,0.07170293
A,898,PHE,0.011629131
A,899,ALA,0.17810443
A,900,MET,0.10539913
A,901,GLN,0.03899633
A,902,MET,0.026416868
A,903,ALA,0.008805623
A,904,TYR,0.34369573
A,905,ARG,0.004556619
A,906,PHE,0.0
A,907,ASN,0.5778416
A,908,GLY,0.21728154
A,909,ILE,0.15881489
A,910,GLY,0.39067578
A,911,VAL,0.016234508
A,912,THR,0.40458912
A,913,GLN,0.16294497
A,914,ASN,0.008928825
A,915,VAL,0.013837408
A,916,LEU,0.0075476766
A,917,TYR,0.07173293
A,918,GLU,0.6908078
A,919,ASN,0.42736137
A,920,GLN,0.09880857
A,921,LYS,1.4883763
A,922,LEU,0.6743504
A,923,ILE,0.008805623
A,924,ALA,0.046544008
A,925,ASN,0.93801916
A,926,GLN,0.37771708
A,927,PHE,0.011321516
A,928,ASN,0.46649906
A,929,SER,0.67431307
A,930,ALA,0.10802376
A,931,ILE,0.07547677
A,932,GLY,0.2732677
A,933,LYS,1.4424855
A,934,ILE,0.14046444
A,935,GLN,0.3065774
A,936,ASP,1.0656353
A,937,SER,0.5519451
A,938,LEU,0.08008302
A,939,SER,0.5619518
A,940,SER,0.8699549
A,941,THR,0.53525853
A,942,ALA,0.7378725
A,943,SER,0.9136827
A,944,ALA,0.3143674
A,945,LEU,0.0327066
A,946,GLY,0.31852442
A,947,LYS,1.1060226
A,948,LEU,0.02932101
A,949,GLN,0.47477227
A,950,ASP,0.7423659
A,951,VAL,0.18617603
A,952,VAL,0.3961971
A,953,ASN,0.803607
A,954,GLN,0.666227
A,955,ASN,0.11371953
A,956,ALA,0.4457668
A,957,GLN,0.81233513
A,958,ALA,0.18274963
A,959,LEU,0.4135806
A,960,ASN,0.8456598
A,961,THR,0.1857849
A,962,LEU,0.043434158
A,963,VAL,0.20127138
A,964,LYS,0.9926763
A,965,GLN,0.03321805
A,966,LEU,0.08217339
A,967,SER,0.48955104
A,968,SER,0.0992659
A,969,ASN,0.4955446
A,970,PHE,0.14109181
A,971,GLY,0.22418353
A,972,ALA,0.09082989
A,973,ILE,0.8530375
A,974,SER,0.1598378
A,975,SER,0.07500942
A,976,VAL,0.30819678
A,977,LEU,0.13205686
A,978,ASN,0.42964366
A,979,ASP,0.16805741
A,980,ILE,0.0
A,981,LEU,0.36422974
A,982,SER,0.20129785
A,983,ARG,0.37229973
A,984,LEU,0.131196
A,985,ASP,0.27799153
A,986,PRO,0.7610574
A,987,PRO,0.5784836
A,988,GLU,0.87002224
A,989,ALA,0.036480438
A,990,GLU,0.880299
A,991,VAL,0.6985484
A,992,GLN,0.21209732
A,993,ILE,0.020127138
A,994,ASP,0.46638522
A,995,ARG,1.0388365
A,996,LEU,0.030190706
A,997,ILE,0.0037738383
A,998,THR,0.6964248
A,999,GLY,0.038046
A,1000,ARG,0.16247272
A,1001,LEU,0.026416868
A,1002,GLN,0.34700224
A,1003,SER,0.06627561
A,1004,LEU,0.038996328
A,1005,GLN,0.28115466
A,1006,THR,0.23486786
A,1007,TYR,0.12522812
A,1008,VAL,0.03522249
A,1009,THR,0.22370207
A,1010,GLN,0.4629893
A,1011,GLN,0.03415159
A,1012,LEU,0.24396698
A,1013,ILE,0.26062262
A,1014,ARG,0.3840033
A,1015,ALA,0.021385085
A,1016,ALA,0.3129749
A,1017,GLU,0.78307486
A,1018,ILE,0.08931418
A,1019,ARG,0.4939366
A,1020,ALA,0.5914933
A,1021,SER,0.2166042
A,1022,ALA,0.021508288
A,1023,ASN,0.7021818
A,1024,LEU,0.68199563
A,1025,ALA,0.0
A,1026,ALA,0.14673553
A,1027,THR,0.4373984
A,1028,LYS,0.08087999
A,1029,MET,0.0
A,1030,SER,0.13733661
A,1031,GLU,0.11600745
A,1032,CYS,0.0011161031
A,1033,VAL,0.0055805156
A,1034,LEU,0.021508288
A,1035,GLY,0.021385085
A,1036,GLN,0.35875785
A,1037,SER,0.11207312
A,1038,LYS,1.4385473
A,1039,ARG,0.36949822
A,1040,VAL,0.39882034
A,1041,ASP,0.49971753
A,1042,PHE,0.15470874
A,1043,CYS,0.014026231
A,1044,GLY,0.15390466
A,1045,LYS,0.95810366
A,1046,GLY,0.13395542
A,1047,TYR,0.43379366
A,1048,HIS,0.08924146
A,1049,LEU,0.0
A,1050,MET,0.010146036
A,1051,SER,0.0034174644
A,1052,PHE,0.0050317845
A,1053,PRO,0.0011161031
A,1054,GLN,0.01606696
A,1055,SER,0.006289731
A,1056,ALA,0.085939944
A,1057,PRO,0.22626981
A,1058,HIS,0.7329819
A,1059,GLY,0.04522042
A,1060,VAL,0.0
A,1061,VAL,0.015095353
A,1062,PHE,0.0
A,1063,LEU,0.0075476766
A,1064,HIS,0.011321515
A,1065,VAL,0.012579461
A,1066,THR,0.0
A,1067,TYR,0.013128192
A,1068,VAL,0.21510878
A,1069,PRO,0.21912174
A,1070,ALA,0.47565365
A,1071,GLN,1.0299878
A,1072,GLU,0.7464923
A,1073,LYS,1.1391681
A,1074,ASN,1.1964749
A,1075,PHE,0.12662703
A,1076,THR,0.6064133
A,1077,THR,0.0890232
A,1078,ALA,0.025263485
A,1079,PRO,0.17370114
A,1080,ALA,0.0
A,1081,ILE,0.0
A,1082,CYS,0.07535456
A,1083,HIS,0.71409076
A,1084,ASP,1.1144228
A,1085,GLY,0.34598732
A,1086,LYS,0.8881427
A,1087,ALA,0.0
A,1088,HIS,0.09603031
A,1089,PHE,0.0
A,1090,PRO,0.037596542
A,1091,ARG,1.2496221
A,1092,GLU,1.4205549
A,1093,GLY,0.078703515
A,1094,VAL,0.038996328
A,1095,PHE,0.0046754107
A,1096,VAL,0.0037738383
A,1097,SER,0.12319688
A,1098,ASN,0.93857133
A,1099,GLY,0.65154874
A,1100,THR,1.0858848
A,1101,HIS,1.087806
A,1102,TRP,0.42186916
A,1103,PHE,0.35977256
A,1104,VAL,0.03759654
A,1105,THR,0.030190708
A,1106,GLN,0.2509199
A,1107,ARG,0.9290926
A,1108,ASN,0.29881632
A,1109,PHE,0.23649389
A,1110,TYR,0.48331317
A,1111,GLU,0.38208008
A,1112,PRO,0.59216845
A,1113,GLN,0.74661934
A,1114,ILE,1.0494168
A,1115,ILE,0.038430713
A,1116,THR,0.17672846
A,1117,THR,0.48496664
A,1118,ASP,1.020898
A,1119,ASN,0.37476885
A,1120,THR,0.040179715
A,1121,PHE,0.41889605
A,1122,VAL,0.6290701
A,1123,SER,0.1858105
A,1124,GLY,0.48529217
A,1125,ASN,0.67728996
A,1126,CYS,0.36056474
A,1127,ASP,1.4378836
A,1128,VAL,0.6627812
A,1129,VAL,0.1080156
A,1130,ILE,0.88850963
A,1131,GLY,0.45945778
A,1132,ILE,0.35657614
A,1133,VAL,0.35599875
A,1134,ASN,1.2689767
A,1135,ASN,0.48804322
A,1136,THR,0.94459516
A,1137,VAL,0.10144219
A,1138,TYR,1.0792365
A,1139,ASP,0.6579995
A,1140,PRO,0.4571759
A,1141,LEU,0.33181146
A,1142,GLN,1.0405695
A,1143,PRO,0.5337688
A,1144,GLU,1.0120478
A,1145,LEU,0.6438975
A,1146,ASP,1.1443527
A,1147,SER,1.3313515
B,27,ALA,0.7500275
B,28,TYR,1.5063227
B,29,THR,0.119393036
B,30,ASN,0.53435224
B,31,SER,0.017327558
B,32,PHE,0.38870537
B,33,THR,0.33016062
B,34,ARG,0.18608736
B,35,GLY,0.0022783095
B,36,VAL,0.0
B,37,TYR,0.0
B,38,TYR,0.13735525
B,39,PRO,0.28136984
B,40,ASP,0.52036095
B,41,LYS,0.70523787
B,42,VAL,0.097533785
B,43,PHE,0.06162072
B,44,ARG,0.3083395
B,45,SER,0.41257972
B,46,SER,0.82011855
B,47,VAL,0.3132986
B,48,LEU,0.6234727
B,49,HIS,0.53322554
B,50,SER,0.56650555
B,51,THR,0.21925631
B,52,GLN,1.2584329
B,53,ASP,0.29550958
B,54,LEU,0.32832393
B,55,PHE,0.0
B,56,LEU,0.010063569
B,57,PRO,0.076734714
B,58,PHE,0.17188716
B,59,PHE,0.9965552
B,60,SER,0.27908492
B,61,ASN,1.1695377
B,62,VAL,0.012579462
B,63,THR,0.40217876
B,64,TRP,0.4861459
B,65,PHE,0.16227506
B,66,HIS,0.71214896
B,67,ALA,0.39625952
B,68,ILE,1.20832
B,69,HIS,2.3233366
B,80,ASP,0.86462563
B,81,ASN,0.2808061
B,82,PRO,0.46107224
B,83,VAL,0.7157929
B,84,LEU,0.22643031
B,85,PRO,0.62849796
B,86,PHE,0.035222493
B,87,ASN,0.939041
B,88,ASP,1.0632043
B,89,GLY,0.0011161031
B,90,VAL,0.010063569
B,91,TYR,0.021385085
B,92,PHE,0.0025158923
B,93,ALA,0.0
B,94,SER,0.007812722
B,95,THR,0.011870246
B,96,GLU,0.06512952
B,97,LYS,1.5405043
B,98,SER,0.6076707
B,99,ASN,0.4949693
B,100,ILE,0.25158924
B,101,ILE,0.024005538
B,102,ARG,0.5174963
B,103,GLY,0.0
B,104,TRP,0.18869193
B,105,ILE,0.0037738383
B,106,PHE,0.008805622
B,107,GLY,0.0
B,108,THR,0.3231544
B,109,THR,0.7047303
B,110,LEU,0.19408602
B,111,ASP,0.43225068
B,112,SER,0.4026314
B,113,LYS,1.6269686
B,114,THR,0.31990334
B,115,GLN,0.60900044
B,116,SER,0.013837407
B,117,LEU,0.0
B,118,LEU,0.24836412
B,119,ILE,0.16856478
B,120,VAL,0.327066
B,121,ASN,0.4291838
B,122,ASN,0.748499
B,123,ALA,0.8564002
B,124,THR,1.1659119
B,125,ASN,0.6327981
B,126,VAL,0.48430926
B,127,VAL,0.29350835
B,128,ILE,0.13460024
B,129,LYS,0.61830837
B,130,VAL,0.0012579461
B,131,CYS,0.1740691
B,132,GLU,0.56799555
B,133,PHE,0.451584
B,134,GLN,1.364247
B,135,PHE,0.29250813
B,136,CYS,0.85443544
B,137,ASN,1.6817932
B,138,ASP,0.82723707
B,139,PRO,0.07156108
B,140,PHE,1.1849501
B,141,LEU,0.6415525
B,142,GLY,0.46770462
B,143,VAL,1.0860053
B,165,ASN,1.438333
B,166,CYS,0.86726236
B,167,THR,0.99623823
B,168,PHE,0.6641246
B,169,GLU,1.2195964
B,170,TYR,0.9941738
B,171,VAL,0.7923672
B,172,SER,0.7691401
B,186,PHE,0.34688368
B,187,LYS,1.2345192
B,188,ASN,0.7776599
B,189,LEU,0.01201209
B,190,ARG,0.31980732
B,191,GLU,0.031534575
B,192,PHE,0.20378727
B,193,VAL,0.0
B,194,PHE,0.037738387
B,195,LYS,0.03806727
B,196,ASN,0.4509628
B,197,ILE,0.6310448
B,198,ASP,1.0439631
B,199,GLY,0.23307371
B,200,TYR,0.34986225
B,201,PHE,0.0
B,202,LYS,0.45093513
B,203,ILE,0.16163498
B,204,TYR,0.150588
B,205,SER,0.06919839
B,206,LYS,0.6697947
B,207,HIS,1.1387368
B,208,THR,0.41771188
B,209,PRO,1.0782003
B,210,ILE,0.14923719
B,211,ASN,1.3719321
B,212,LEU,0.5289526
B,213,VAL,0.984781
B,214,ARG,1.6518364
B,215,ASP,0.30289677
B,216,LEU,0.108317934
B,217,PRO,0.2035036
B,218,GLN,1.3537328
B,219,GLY,0.24769658
B,220,PHE,0.5495125
B,221,SER,0.25545052
B,222,ALA,0.11977685
B,223,LEU,0.0
B,224,GLU,0.5133661
B,225,PRO,0.19137965
B,226,LEU,1.1405511
B,227,VAL,0.5061419
B,228,ASP,0.62674177
B,229,LEU,0.10692542
B,230,PRO,0.46704572
B,231,ILE,0.24871916
B,232,GLY,0.5348046
B,233,ILE,0.1583521
B,234,ASN,1.0967731
B,235,ILE,0.16041309
B,236,THR,0.54544127
B,237,ARG,1.1437576
B,238,PHE,0.023900976
B,239,GLN,0.1796042
B,240,THR,0.017918862
B,241,LEU,0.20965147
B,242,LEU,0.10303279
B,243,ALA,0.038254246
B,244,LEU,0.8207782
B,245,HIS,1.8873382
B,263,ALA,0.10155232
B,264,ALA,0.080816165
B,265,TYR,0.018443663
B,266,TYR,0.023863696
B,267,VAL,0.031004485
B,268,GLY,0.0037738383
B,269,TYR,0.63432103
B,270,LEU,0.08496568
B,271,GLN,0.777218
B,272,PRO,0.83754975
B,273,ARG,0.5478058
B,274,THR,0.4768479
B,275,PHE,0.0
B,276,LEU,0.0163533
B,277,LEU,0.0
B,278,LYS,0.83899415
B,279,TYR,0.0750626
B,280,ASN,0.41032445
B,281,GLU,1.4034781
B,282,ASN,0.92864263
B,283,GLY,0.006838462
B,284,THR,0.5133993
B,285,ILE,0.053572953
B,286,THR,0.5965955
B,287,ASP,0.6369812
B,288,ALA,0.09263656
B,289,VAL,0.0817665
B,290,ASP,0.016972063
B,291,CYS,0.25821358
B,292,ALA,0.62335736
B,293,LEU,0.58766675
B,294,ASP,0.56842506
B,295,PRO,0.4289596
B,296,LEU,0.14796248
B,297,SER,0.13170017
B,298,GLU,0.56954086
B,299,THR,0.0012579461
B,300,LYS,0.3997733
B,301,CYS,0.16871454
B,302,THR,0.5990015
B,303,LEU,0.63428533
B,304,LYS,0.9635518
B,305,SER,0.3423
B,306,PHE,0.39593536
B,307,THR,0.72342443
B,308,VAL,0.020373542
B,309,GLU,1.096027
B,310,LYS,1.1724575
B,311,GLY,0.118246935
B,312,ILE,0.5762771
B,313,TYR,0.45839655
B,314,GLN,0.75655687
B,315,THR,0.27782378
B,316,SER,0.47490615
B,317,ASN,0.56207085
B,318,PHE,0.37821627
B,319,ARG,1.1664339
B,320,VAL,0.41205472
B,321,GLN,1.2091156
B,322,PRO,0.4696362
B,323,THR,1.0780202
B,324,GLU,0.7305269
B,325,SER,0.645664
B,326,ILE,0.0023740493
B,327,VAL,0.13585818
B,328,ARG,0.22213519
B,329,PHE,0.08272212
B,330,PRO,0.4046072
B,331,ASN,1.1964021
B,332,ILE,0.57748914
B,333,THR,1.1841373
B,334,ASN,0.84875906
B,335,LEU,1.3930317
B,336,CYS,0.17679287
B,337,PRO,0.4063166
B,338,PHE,0.1822834
B,339,GLY,0.44703442
B,340,GLU,1.2647196
B,341,VAL,0.08328949
B,342,PHE,0.18101375
B,343,ASN,1.3617449
B,344,ALA,0.2528958
B,345,THR,1.0537977
B,346,ARG,1.5881248
B,347,PHE,0.10020288
B,348,ALA,0.17001155
B,349,SER,0.14434269
B,350,VAL,0.041393433
B,351,TYR,0.66717917
B,352,ALA,0.20243613
B,353,TRP,0.013718616
B,354,ASN,0.7562289
B,355,ARG,0.74993914
B,356,LYS,0.64071476
B,357,ARG,1.1670172
B,358,ILE,0.006289731
B,359,SER,0.33025578
B,360,ASN,0.9210117
B,361,CYS,0.033621483
B,362,VAL,0.25319815
B,363,ALA,0.0025158923
B,364,ASP,0.6018132
B,365,TYR,0.030739438
B,366,SER,0.39795196
B,367,VAL,0.96128
B,368,LEU,0.13431655
B,369,TYR,0.52461624
B,370,ASN,0.6723466
B,371,SER,0.41767308
B,372,ALA,0.77547044
B,373,SER,0.7528299
B,374,PHE,0.3708072
B,375,SER,0.7336526
B,376,THR,0.4507111
B,377,PHE,0.43283844
B,378,LYS,0.95675087
B,379,CYS,0.19397518
B,380,TYR,0.8812206
B,381,GLY,0.1508717
B,382,VAL,0.052266367
B,383,SER,0.05821649
B,384,PRO,0.20596355
B,385,THR,0.695029
B,386,LYS,0.57481486
B,387,LEU,0.0163533
B,388,ASN,0.4152303
B,389,ASP,0.38901705
B,390,LEU,0.10400705
B,391,CYS,0.11272642
B,392,PHE,0.02264303
B,393,THR,0.1223177
B,394,ASN,0.22897011
B,395,VAL,0.0
B,396,TYR,0.08925825
B,397,ALA,0.017167076
B,398,ASP,0.0
B,399,SER,0.13280492
B,400,PHE,0.0012579461
B,401,VAL,0.055805158
B,402,ILE,0.018869191
B,403,ARG,0.62848455
B,404,GLY,0.13857591
B,405,ASP,0.95425284
B,406,GLU,0.105432436
B,407,VAL,0.32305712
B,408,ARG,1.6479216
B,409,GLN,0.24661854
B,410,ILE,0.025830856
B,411,ALA,0.105194844
B,412,PRO,0.29544228
B,413,GLY,0.290117
B,414,GLN,0.6008235
B,415,THR,0.6223786
B,416,GLY,0.11495002
B,417,LYS,0.71432805
B,418,ILE,0.0163533
B,419,ALA,0.039119534
B,420,ASP,1.0345303
B,421,TYR,0.9927854
B,422,ASN,0.121360205
B,423,TYR,0.03651672
B,424,LYS,0.55290323
B,425,LEU,0.064703956
B,426,PRO,0.24026772
B,427,ASP,0.87550247
B,428,ASP,1.2124605
B,429,PHE,0.1252386
B,430,THR,0.42142096
B,431,GLY,0.006170939
B,432,CYS,0.0090530235
B,433,VAL,0.0549241
B,434,ILE,0.0
B,435,ALA,0.006289731
B,436,TRP,0.3273124
B,437,ASN,0.57829213
B,438,SER,0.031448655
B,439,ASN,0.3150413
B,440,ASN,1.3697755
B,441,LEU,0.954722
B,442,ASP,0.033643577
B,443,SER,0.16406716
B,444,LYS,1.3949805
B,447,GLY,0.4944256
B,448,ASN,0.11605372
B,449,TYR,1.4605918
B,450,ASN,1.1388404
B,451,TYR,0.12681751
B,452,LEU,0.4577319
B,453,TYR,0.43456692
B,454,ARG,0.53454876
B,462,LYS,1.8628504
B,463,PRO,0.47980028
B,464,PHE,0.41489124
B,465,GLU,0.93908757
B,466,ARG,1.0899374
B,467,ASP,0.68326294
B,468,ILE,1.1609756
B,489,TYR,2.662688
B,490,PHE,1.5307094
B,491,PRO,0.76763964
B,492,LEU,0.72696644
B,493,GLN,0.7250606
B,494,SER,0.629298
B,495,TYR,0.27559477
B,496,GLY,0.23378974
B,497,PHE,0.026416868
B,498,GLN,0.7384287
B,499,PRO,0.6640205
B,500,THR,1.20997
B,501,ASN,0.575706
B,503,VAL,1.1531208
B,504,GLY,0.14275694
B,505,TYR,1.3025839
B,506,GLN,0.24733108
B,507,PRO,0.0
B,508,TYR,0.2924263
B,509,ARG,0.07127031
B,510,VAL,0.012579461
B,511,VAL,0.0
B,512,VAL,0.0
B,513,LEU,0.021385085
B,514,SER,0.16406716
B,515,PHE,0.13441382
B,516,GLU,0.50040215
B,517,LEU,0.39936426
B,518,LEU,1.1830819
B,519,HIS,0.53035045
B,520,ALA,0.17685167
B,521,PRO,0.505157
B,522,ALA,0.19386344
B,523,THR,0.36513668
B,524,VAL,0.0044644126
B,525,CYS,0.097901925
B,526,GLY,0.07607943
B,527,PRO,0.68709314
B,528,LYS,0.8160689
B,529,LYS,1.7925029
B,530,SER,0.550669
B,531,THR,0.49031532
B,532,ASN,1.1987793
B,533,LEU,0.2941284
B,534,VAL,0.39373714
B,535,LYS,0.69124943
B,536,ASN,1.1653293
B,537,LYS,0.7118051
B,538,CYS,0.14370991
B,539,VAL,0.0
B,540,ASN,0.6918859
B,541,PHE,0.10300974
B,542,ASN,0.114800215
B,543,PHE,0.011321515
B,544,ASN,0.15373422
B,545,GLY,0.058925703
B,546,LEU,0.13915686
B,547,THR,0.41836804
B,548,GLY,0.12610222
B,549,THR,0.46303067
B,550,GLY,0.0
B,551,VAL,0.31322858
B,552,LEU,0.0
B,553,THR,0.3196156
B,554,GLU,1.3801923
B,555,SER,0.38713104
B,556,ASN,1.4097646
B,557,LYS,0.53675455
B,558,LYS,1.3846989
B,559,PHE,0.23664409
B,560,LEU,0.36689472
B,561,PRO,1.1588047
B,562,PHE,0.2362607
B,563,GLN,0.007951032
B,564,GLN,0.07346691
B,565,PHE,0.08554034
B,566,GLY,0.004606256
B,567,ARG,0.49044967
B,568,ASP,0.45722133
B,569,ILE,0.83954
B,570,ALA,0.0643422
B,571,ASP,0.45500046
B,572,THR,0.61375856
B,573,THR,0.38416052
B,574,ASP,0.30057135
B,575,ALA,0.0012579461
B,576,VAL,0.010063569
B,577,ARG,0.24300255
B,578,ASP,0.022322062
B,579,PRO,0.22737135
B,580,GLN,0.5889286
B,581,THR,0.6670519
B,582,LEU,1.3016648
B,583,GLU,0.6519307
B,584,ILE,0.2534339
B,585,LEU,0.0037738383
B,586,ASP,0.26992512
B,587,ILE,0.18400382
B,588,THR,0.6041246
B,589,PRO,0.42321137
B,590,CYS,0.17035887
B,591,SER,0.33562583
B,592,PHE,0.3679485
B,593,GLY,0.047683164
B,594,GLY,0.086366534
B,595,VAL,0.12956846
B,596,SER,0.06250177
B,597,VAL,0.0037738383
B,598,ILE,0.020127138
B,599,THR,0.0012579461
B,600,PRO,0.08050855
B,601,GLY,0.10711425
B,602,THR,0.3348284
B,603,ASN,1.5476726
B,604,THR,0.949456
B,605,SER,0.16557878
B,606,ASN,1.018723
B,607,GLN,0.72358036
B,608,VAL,0.31851348
B,609,ALA,0.0025158923
B,610,VAL,0.15335064
B,611,LEU,0.049059898
B,612,TYR,0.48212653
B,613,GLN,0.18476991
B,614,ASP,1.0858748
B,615,VAL,0.14850493
B,616,ASN,0.8697102
B,617,CYS,0.5117867
B,618,THR,0.8973979
B,619,GLU,1.0478654
B,620,VAL,0.64918697
B,641,ASN,1.1919812
B,642,VAL,0.88201535
B,643,PHE,0.29561734
B,644,GLN,0.8054652
B,645,THR,0.15824752
B,646,ARG,2.1343367
B,647,ALA,0.07536492
B,648,GLY,0.017918862
B,649,CYS,0.012063716
B,650,LEU,0.0037738383
B,651,ILE,0.5774459
B,652,GLY,0.23316133
B,653,ALA,0.017167076
B,654,GLU,0.9093107
B,655,HIS,0.9976437
B,656,VAL,0.2761435
B,657,ASN,1.5584233
B,658,ASN,0.92463464
B,659,SER,0.6447304
B,660,TYR,0.7429801
B,661,GLU,1.5557595
B,662,CYS,0.53870004
B,663,ASP,0.61716366
B,664,ILE,0.08554034
B,665,PRO,0.5256051
B,666,ILE,0.22575516
B,667,GLY,0.020127138
B,668,ALA,0.26411682
B,669,GLY,0.011321515
B,670,ILE,0.13711613
B,671,CYS,0.0
B,672,ALA,0.0075476766
B,673,SER,0.06277852
B,674,TYR,0.5161391
B,675,GLN,0.68574446
B,676,THR,1.3768852
B,689,SER,1.3543177
B,690,GLN,0.9272709
B,691,SER,0.3023926
B,692,ILE,0.043058265
B,693,ILE,0.10440953
B,694,ALA,0.0
B,695,TYR,0.013393238
B,696,THR,0.7028153
B,697,MET,0.17890343
B,698,SER,0.3983329
B,699,LEU,0.1919896
B,700,GLY,0.31154212
B,701,ALA,0.56343484
B,702,GLU,1.3090827
B,703,ASN,0.544714
B,704,SER,0.6979557
B,705,VAL,0.13305132
B,706,ALA,0.6625572
B,707,TYR,0.2277542
B,708,SER,0.29956302
B,709,ASN,1.0619688
B,710,ASN,0.7206201
B,711,SER,0.2053889
B,712,ILE,0.07170293
B,713,ALA,0.10456273
B,714,ILE,0.012579462
B,715,PRO,0.044028115
B,716,THR,0.37477157
B,717,ASN,0.5205209
B,718,PHE,0.036850046
B,719,THR,0.5139108
B,720,ILE,0.08934417
B,721,SER,0.3423332
B,722,VAL,0.1911533
B,723,THR,0.48632506
B,724,THR,0.5154787
B,725,GLU,0.46043506
B,726,ILE,0.15147124
B,727,LEU,0.10944131
B,728,PRO,0.16982272
B,729,VAL,0.018869191
B,730,SER,0.1339883
B,731,MET,0.0347003
B,732,THR,0.42719042
B,733,LYS,0.25959343
B,734,THR,0.104628354
B,735,SER,0.1840711
B,736,VAL,0.07193951
B,737,ASP,0.22589909
B,738,CYS,0.021714952
B,739,THR,0.5518955
B,740,MET,0.30205446
B,741,TYR,0.055947
B,742,ILE,0.01688339
B,743,CYS,0.05692126
B,744,GLY,0.32098693
B,745,ASP,1.0617685
B,746,SER,0.08668654
B,747,THR,0.94570315
B,748,GLU,1.0187922
B,749,CYS,0.014744542
B,750,SER,0.3394445
B,751,ASN,0.9037595
B,752,LEU,0.13585818
B,753,LEU,0.10128898
B,754,LEU,1.2151054
B,755,GLN,0.61582696
B,756,TYR,0.24566182
B,757,GLY,0.34588334
B,758,SER,0.26511812
B,759,PHE,0.013411879
B,760,CYS,0.11960011
B,761,THR,0.76585823
B,762,GLN,0.36679745
B,763,LEU,0.14466381
B,764,ASN,0.42850298
B,765,ARG,1.1910753
B,766,ALA,0.1642324
B,767,LEU,0.09195326
B,768,THR,0.6519171
B,769,GLY,0.38256526
B,770,ILE,0.11273999
B,771,ALA,0.07386245
B,772,VAL,0.91418725
B,773,GLU,0.3641655
B,774,GLN,0.040642522
B,775,ASP,0.29668158
B,776,LYS,1.1150811
B,777,ASN,0.04967591
B,778,THR,0.1937837
B,779,GLN,0.7812713
B,780,GLU,0.7805965
B,781,VAL,0.0
B,782,PHE,0.05786552
B,783,ALA,0.32823193
B,784,GLN,0.45950082
B,785,VAL,0.11797461
B,786,LYS,1.282781
B,787,GLN,0.42176196
B,788,ILE,0.2736649
B,789,TYR,0.03027663
B,790,LYS,0.9420687
B,791,THR,0.35630557
B,792,PRO,0.18677086
B,793,PRO,1.2509474
B,794,ILE,1.1356416
B,795,LYS,1.1008699
B,796,ASP,0.48016262
B,797,PHE,0.03049832
B,798,GLY,0.33464187
B,799,GLY,0.51260084
B,800,PHE,0.093241215
B,801,ASN,0.82361126
B,802,PHE,0.05748166
B,803,SER,0.62632275
B,804,GLN,0.5820831
B,805,ILE,0.05196845
B,806,LEU,0.13443975
B,807,PRO,0.44319376
B,808,ASP,0.50149584
B,809,PRO,1.0593425
B,810,SER,1.0387443
B,811,LYS,0.7873516
B,812,PRO,1.3657616
B,813,SER,0.29861623
B,814,LYS,1.2940336
B,815,ARG,0.40262252
B,816,SER,0.0025158923
B,817,PHE,0.95395494
B,818,ILE,0.013837407
B,819,GLU,0.051340744
B,820,ASP,0.24566182
B,821,LEU,0.2778456
B,822,LEU,0.0050317845
B,823,PHE,0.3358384
B,824,ASN,1.1725098
B,825,LYS,0.76124394
B,826,VAL,0.14429827
B,827,THR,1.3179297
B,854,LYS,1.32282
B,855,PHE,0.83486104
B,856,ASN,0.2766573
B,857,GLY,0.030560315
B,858,LEU,0.20122682
B,859,THR,0.34211677
B,860,VAL,0.7992936
B,861,LEU,0.44505924
B,862,PRO,0.30744237
B,863,PRO,0.6537065
B,864,LEU,0.21385084
B,865,LEU,0.098296925
B,866,THR,0.39959407
B,867,ASP,0.78673255
B,868,GLU,0.9606133
B,869,MET,0.13837408
B,870,ILE,0.15724327
B,871,ALA,0.039242737
B,872,GLN,0.7460802
B,873,TYR,0.117332675
B,874,THR,0.036850043
B,875,SER,0.2581152
B,876,ALA,0.0
B,877,LEU,0.0
B,878,LEU,0.0163533
B,879,ALA,0.015095353
B,880,GLY,0.0
B,881,THR,0.006289731
B,882,ILE,0.0
B,883,THR,0.0033483095
B,884,SER,0.018973753
B,885,GLY,0.035222493
B,886,TRP,0.6673302
B,887,THR,0.29263863
B,888,PHE,0.11706762
B,889,GLY,0.050668813
B,890,ALA,0.07962826
B,891,GLY,0.05435673
B,892,ALA,0.32203418
B,893,ALA,0.23216553
B,894,LEU,0.13316317
B,895,GLN,0.1186793
B,896,ILE,0.120762825
B,897,PRO,0.0654132
B,898,PHE,0.014145022
B,899,ALA,0.17822322
B,900,MET,0.102883235
B,901,GLN,0.038996328
B,902,MET,0.023900976
B,903,ALA,0.0075476766
B,904,TYR,0.34718585
B,905,ARG,0.0022783095
B,906,PHE,0.0
B,907,ASN,0.5753026
B,908,GLY,0.21224976
B,909,ILE,0.15755697
B,910,GLY,0.39487517
B,911,VAL,0.015095354
B,912,THR,0.39969915
B,913,GLN,0.15710735
B,914,ASN,0.008928825
B,915,VAL,0.017611247
B,916,LEU,0.0075476766
B,917,TYR,0.07033314
B,918,GLU,0.673764
B,919,ASN,0.43422285
B,920,GLN,0.099426456
B,921,LYS,1.4868577
B,922,LEU,0.6706954
B,923,ILE,0.008805623
B,924,ALA,0.047801953
B,925,ASN,0.9471359
B,926,GLN,0.3705488
B,927,PHE,0.013837407
B,928,ASN,0.46954066
B,929,SER,0.66956496
B,930,ALA,0.10325261
B,931,ILE,0.076734714
B,932,GLY,0.26735738
B,933,LYS,1.4273396
B,934,ILE,0.13543265
B,935,GLN,0.29722303
B,936,ASP,1.0716413
B,937,SER,0.5543191
B,938,LEU,0.08371502
B,939,SER,0.5597196
B,940,SER,0.8805672
B,941,THR,0.5376326
B,942,ALA,0.7626333
B,943,SER,0.91130865
B,944,ALA,0.3177157
B,945,LEU,0.0327066
B,946,GLY,0.32450742
B,947,LYS,1.1101997
B,948,LEU,0.034352794
B,949,GLN,0.46974048
B,950,ASP,0.7405405
B,951,VAL,0.17862836
B,952,VAL,0.39004922
B,953,ASN,0.82663035
B,954,GLN,0.6652988
B,955,ASN,0.10619491
B,956,ALA,0.45305383
B,957,GLN,0.8022255
B,958,ALA,0.17785968
B,959,LEU,0.3987689
B,960,ASN,0.8276416
B,961,THR,0.18618739
B,962,LEU,0.04217621
B,963,VAL,0.19623959
B,964,LYS,0.9912765
B,965,GLN,0.033076208
B,966,LEU,0.0771416
B,967,SER,0.49080896
B,968,SER,0.10387215
B,969,ASN,0.48965734
B,970,PHE,0.14080812
B,971,GLY,0.2188867
B,972,ALA,0.08999746
B,973,ILE,0.8541536
B,974,SER,0.1612376
B,975,SER,0.068266705
B,976,VAL,0.31197065
B,977,LEU,0.13936695
B,978,ASN,0.42885736
B,979,ASP,0.1694572
B,980,ILE,0.0
B,981,LEU,0.3695452
B,982,SER,0.19930322
B,983,ARG,0.38530558
B,984,LEU,0.13831815
B,985,ASP,0.27799153
B,986,PRO,0.7596806
B,987,PRO,0.57717955
B,988,GLU,0.8670808
B,989,ALA,0.037738383
B,990,GLU,0.8791829
B,991,VAL,0.69589067
B,992,GLN,0.20846532
B,993,ILE,0.017611245
B,994,ASP,0.46261138
B,995,ARG,1.0301034
B,996,LEU,0.030190706
B,997,ILE,0.0037738383
B,998,THR,0.70466304
B,999,GLY,0.03576769
B,1000,ARG,0.16702935
B,1001,LEU,0.026416868
B,1002,GLN,0.3548336
B,1003,SER,0.06375972
B,1004,LEU,0.035222493
B,1005,GLN,0.28210586
B,1006,THR,0.22981301
B,1007,TYR,0.12923954
B,1008,VAL,0.0327066
B,1009,THR,0.22788282
B,1010,GLN,0.46652555
B,1011,GLN,0.038662106
B,1012,LEU,0.24956614
B,1013,ILE,0.2719441
B,1014,ARG,0.38286418
B,1015,ALA,0.023900976
B,1016,ALA,0.31786484
B,1017,GLU,0.7932846
B,1018,ILE,0.08805623
B,1019,ARG,0.48230752
B,1020,ALA,0.57680047
B,1021,SER,0.20568517
B,1022,ALA,0.022908075
B,1023,ASN,0.70301425
B,1024,LEU,0.68726504
B,1025,ALA,0.0
B,1026,ALA,0.14547758
B,1027,THR,0.44297892
B,1028,LYS,0.0831583
B,1029,MET,0.0
B,1030,SER,0.13845271
B,1031,GLU,0.12298776
B,1032,CYS,0.0
B,1033,VAL,0.0033483095
B,1034,LEU,0.01787629
B,1035,GLY,0.02264303
B,1036,GLN,0.3768495
B,1037,SER,0.11584696
B,1038,LYS,1.4395446
B,1039,ARG,0.36750364
B,1040,VAL,0.39642322
B,1041,ASP,0.49992847
B,1042,PHE,0.14996064
B,1043,CYS,0.011510339
B,1044,GLY,0.1552087
B,1045,LYS,0.9560398
B,1046,GLY,0.13283932
B,1047,TYR,0.44608945
B,1048,HIS,0.08800657
B,1049,LEU,0.0012579461
B,1050,MET,0.0063721975
B,1051,SER,0.0034174644
B,1052,PHE,0.0037738383
B,1053,PRO,0.0022322063
B,1054,GLN,0.01618575
B,1055,SER,0.011037829
B,1056,ALA,0.08259163
B,1057,PRO,0.22263783
B,1058,HIS,0.73364586
B,1059,GLY,0.049800087
B,1060,VAL,0.0
B,1061,VAL,0.0163533
B,1062,PHE,0.0
B,1063,LEU,0.0075476766
B,1064,HIS,0.011321515
B,1065,VAL,0.008805622
B,1066,THR,0.0
B,1067,TYR,0.015644085
B,1068,VAL,0.20378727
B,1069,PRO,0.21883807
B,1070,ALA,0.48123413
B,1071,GLN,1.0316713
B,1072,GLU,0.73974603
B,1073,LYS,1.1395245
B,1074,ASN,1.1979208
B,1075,PHE,0.12536909
B,1076,THR,0.60904795
B,1077,THR,0.08553305
B,1078,ALA,0.023863696
B,1079,PRO,0.17355928
B,1080,ALA,0.0
B,1081,ILE,0.0012579461
B,1082,CYS,0.07259127
B,1083,HIS,0.70238537
B,1084,ASP,1.1162295
B,1085,GLY,0.34598732
B,1086,LYS,0.8881427
B,1087,ALA,0.0
B,1088,HIS,0.09500995
B,1089,PHE,0.0
B,1090,PRO,0.036338598
B,1091,ARG,1.2536105
B,1092,GLU,1.4324977
B,1093,GLY,0.07872656
B,1094,VAL,0.033964545
B,1095,PHE,0.004556619
B,1096,VAL,0.0050317845
B,1097,SER,0.12528723
B,1098,ASN,0.9297153
B,1099,GLY,0.6455656
B,1100,THR,1.085478
B,1101,HIS,1.0962553
B,1102,TRP,0.43281126
B,1103,PHE,0.36103052
B,1104,VAL,0.043602586
B,1105,THR,0.028932761
B,1106,GLN,0.25455192
B,1107,ARG,0.9158491
B,1108,ASN,0.30591542
B,1109,PHE,0.2264303
B,1110,TYR,0.48317128
B,1111,GLU,0.39366663
B,1112,PRO,0.5983164
B,1113,GLN,0.74028355
B,1114,ILE,1.0547093
B,1115,ILE,0.034871403
B,1116,THR,0.17086427
B,1117,THR,0.49097267
B,1118,ASP,1.0243882
B,1119,ASN,0.37453127
B,1120,THR,0.03906361
B,1121,PHE,0.42770174
B,1122,VAL,0.61990726
B,1123,SER,0.1869266
B,1124,GLY,0.48669195
B,1125,ASN,0.6654463
B,1126,CYS,0.35904613
B,1127,ASP,1.4486377
B,1128,VAL,0.6578913
B,1129,VAL,0.111505754
B,1130,ILE,0.88181734
B,1131,GLY,0.4698786
B,1132,ILE,0.35925695
B,1133,VAL,0.3572567
B,1134,ASN,1.261712
B,1135,ASN,0.490724
B,1136,THR,0.9464019
B,1137,VAL,0.10633213
B,1138,TYR,1.0861166
B,1139,ASP,0.6509004
B,1140,PRO,0.45466
B,1141,LEU,0.3392403
B,1142,GLN,1.045862
B,1143,PRO,0.52273095
B,1144,GLU,1.0109317
B,1145,LEU,0.6503291
B,1146,ASP,1.1537069
B,1147,SER,1.3457377
C,27,ALA,0.7399409
C,28,TYR,1.513989
C,29,THR,0.1251154
C,30,ASN,0.5438219
C,31,SER,0.018585507
C,32,PHE,0.39373714
C,33,THR,0.3311349
C,34,ARG,0.1849482
C,35,GLY,0.0011161031
C,36,VAL,0.0
C,37,TYR,0.0
C,38,TYR,0.13638099
C,39,PRO,0.27802154
C,40,ASP,0.5220258
C,41,LYS,0.70248437
C,42,VAL,0.098508045
C,43,PHE,0.05169899
C,44,ARG,0.29497725
C,45,SER,0.4136958
C,46,SER,0.8232018
C,47,VAL,0.3083856
C,48,LEU,0.61599416
C,49,HIS,0.52968925
C,50,SER,0.5595022
C,51,THR,0.22051425
C,52,GLN,1.2666712
C,53,ASP,0.29425162
C,54,LEU,0.32958192
C,55,PHE,0.0
C,56,LEU,0.011321516
C,57,PRO,0.07170293
C,58,PHE,0.1709129
C,59,PHE,0.9957228
C,60,SER,0.2827169
C,61,ASN,1.1715553
C,62,VAL,0.012579462
C,63,THR,0.3960495
C,64,TRP,0.47888193
C,65,PHE,0.15850121
C,66,HIS,0.71221805
C,67,ALA,0.39402732
C,68,ILE,1.2033343
C,69,HIS,2.294092
C,80,ASP,0.85652924
C,81,ASN,0.2785508
C,82,PRO,0.46335056
C,83,VAL,0.712184
C,84,LEU,0.23775181
C,85,PRO,0.6347876
C,86,PHE,0.035222493
C,87,ASN,0.937971
C,88,ASP,1.0538269
C,89,GLY,0.0011161031
C,90,VAL,0.008805623
C,91,TYR,0.020127138
C,92,PHE,0.0050317845
C,93,ALA,0.0
C,94,SER,0.007812722
C,95,THR,0.011870246
C,96,GLU,0.06750356
C,97,LYS,1.5417624
C,98,SER,0.6089287
C,99,ASN,0.50999635
C,100,ILE,0.2427836
C,101,ILE,0.022605749
C,102,ARG,0.5223632
C,103,GLY,0.0
C,104,TRP,0.18114425
C,105,ILE,0.0012579461
C,106,PHE,0.00866378
C,107,GLY,0.0
C,108,THR,0.3139419
C,109,THR,0.7066788
C,110,LEU,0.18891242
C,111,ASP,0.43548018
C,112,SER,0.39899942
C,113,LYS,1.6169733
C,114,THR,0.3175293
C,115,GLN,0.60256445
C,116,SER,0.013837407
C,117,LEU,0.0
C,118,LEU,0.24724802
C,119,ILE,0.17233863
C,120,VAL,0.3107127
C,121,ASN,0.42353415
C,122,ASN,0.7319994
C,123,ALA,0.85739756
C,124,THR,1.1684508
C,125,ASN,0.63590527
C,126,VAL,0.48934105
C,127,VAL,0.29728216
C,128,ILE,0.12453667
C,129,LYS,0.62141824
C,130,VAL,0.0037738383
C,131,CYS,0.16769691
C,132,GLU,0.5718421
C,133,PHE,0.45032609
C,134,GLN,1.3534698
C,135,PHE,0.29222447
C,136,CYS,0.8592297
C,137,ASN,1.6936138
C,138,ASP,0.84150445
C,139,PRO,0.07281904
C,140,PHE,1.1665525
C,141,LEU,0.63903666
C,142,GLY,0.46497422
C,143,VAL,1.0813992
C,165,ASN,1.4320664
C,166,CYS,0.86108154
C,167,THR,0.99832857
C,168,PHE,0.66550136
C,169,GLU,1.2110285
C,170,TYR,0.9962642
C,171,VAL,0.78370345
C,172,SER,0.7620179
C,186,PHE,0.3554517
C,187,LYS,1.2240301
C,188,ASN,0.7670742
C,189,LEU,0.014386138
C,190,ARG,0.33580422
C,191,GLU,0.030702157
C,192,PHE,0.21385084
C,193,VAL,0.0
C,194,PHE,0.036480438
C,195,LYS,0.038186066
C,196,ASN,0.44870758
C,197,ILE,0.6321609
C,198,ASP,1.0453362
C,199,GLY,0.24465674
C,200,TYR,0.35321054
C,201,PHE,0.0
C,202,LYS,0.4494396
C,203,ILE,0.1589542
C,204,TYR,0.15044616
C,205,SER,0.06585009
C,206,LYS,0.6722148
C,207,HIS,1.1463803
C,208,THR,0.42136693
C,209,PRO,1.0633656
C,210,ILE,0.1418083
C,211,ASN,1.3768725
C,212,LEU,0.52290046
C,213,VAL,0.9833085
C,214,ARG,1.6515492
C,215,ASP,0.30178067
C,216,LEU,0.10594387
C,217,PRO,0.20461969
C,218,GLN,1.3522373
C,219,GLY,0.2426648
C,220,PHE,0.54559684
C,221,SER,0.25305343
C,222,ALA,0.116784915
C,223,LEU,0.0
C,224,GLU,0.5161657
C,225,PRO,0.19361186
C,226,LEU,1.1476732
C,227,VAL,0.50763744
C,228,ASP,0.61411184
C,229,LEU,0.10315158
C,230,PRO,0.47138697
C,231,ILE,0.25095138
C,232,GLY,0.5388851
C,233,ILE,0.15709414
C,234,ASN,1.1091425
C,235,ILE,0.15685378
C,236,THR,0.55353767
C,237,ARG,1.1463922
C,238,PHE,0.026416868
C,239,GLN,0.1818364
C,240,THR,0.014382605
C,241,LEU,0.20587763
C,242,LEU,0.11435431
C,243,ALA,0.037138145
C,244,LEU,0.81546277
C,245,HIS,1.8922017
C,263,ALA,0.10508858
C,264,ALA,0.07967701
C,265,TYR,0.022217501
C,266,TYR,0.0202317
C,267,VAL,0.027372487
C,268,GLY,0.0025158923
C,269,TYR,0.63377666
C,270,LEU,0.08608179
C,271,GLN,0.7740842
C,272,PRO,0.8512453
C,273,ARG,0.5585333
C,274,THR,0.4799356
C,275,PHE,0.0012579461
C,276,LEU,0.018869191
C,277,LEU,0.0
C,278,LYS,0.8267711
C,279,TYR,0.07423018
C,280,ASN,0.41260275
C,281,GLU,1.4118583
C,282,ASN,0.9226597
C,283,GLY,0.006696619
C,284,THR,0.5092186
C,285,ILE,0.051340744
C,286,THR,0.604692
C,287,ASP,0.63712305
C,288,ALA,0.08705605
C,289,VAL,0.079250604
C,290,ASP,0.011345444
C,291,CYS,0.27209717
C,292,ALA,0.6240018
C,293,LEU,0.5896152
C,294,ASP,0.57134783
C,295,PRO,0.43273348
C,296,LEU,0.1405336
C,297,SER,0.12946796
C,298,GLU,0.5671668
C,299,THR,0.0012579461
C,300,LYS,0.39875293
C,301,CYS,0.16751596
C,302,THR,0.60906947
C,303,LEU,0.63960075
C,304,LYS,0.96253145
C,305,SER,0.3450809
C,306,PHE,0.3991649
C,307,THR,0.730121
C,308,VAL,0.01785765
C,309,GLU,1.0949109
C,310,LYS,1.1703706
C,311,GLY,0.118246935
C,312,ILE,0.582448
C,313,TYR,0.451965
C,314,GLN,0.75233436
C,315,THR,0.27573338
C,316,SER,0.47393185
C,317,ASN,0.57351196
C,318,PHE,0.37710014
C,319,ARG,1.1666254
C,320,VAL,0.40115872
C,321,GLN,1.1967036
C,322,PRO,0.4827644
C,323,THR,1.0665755
C,324,GLU,0.73190373
C,325,SER,0.6430524
C,326,ILE,0.0025158923
C,327,VAL,0.13208434
C,328,ARG,0.21985687
C,329,PHE,0.08174785
C,330,PRO,0.39943358
C,331,ASN,1.2123263
C,332,ILE,0.5863905
C,333,THR,1.1792474
C,334,ASN,0.84524584
C,335,LEU,1.3888323
C,336,CYS,0.17653224
C,337,PRO,0.4113484
C,338,PHE,0.1821646
C,339,GLY,0.43993527
C,340,GLU,1.2522819
C,341,VAL,0.07699975
C,342,PHE,0.18827774
C,343,ASN,1.3639541
C,344,ALA,0.2542956
C,345,THR,1.0597541
C,346,ARG,1.5979738
C,347,PHE,0.09657089
C,348,ALA,0.1712695
C,349,SER,0.13850507
C,350,VAL,0.040135488
C,351,TYR,0.66997874
C,352,ALA,0.20341039
C,353,TRP,0.014857771
C,354,ASN,0.7558265
C,355,ARG,0.7598874
C,356,LYS,0.64083356
C,357,ARG,1.1586406
C,358,ILE,0.0050317845
C,359,SER,0.32227817
C,360,ASN,0.92485464
C,361,CYS,0.031105591
C,362,VAL,0.25096592
C,363,ALA,0.0037738383
C,364,ASP,0.6008159
C,365,TYR,0.031855542
C,366,SER,0.4010166
C,367,VAL,0.96016383
C,368,LEU,0.13320044
C,369,TYR,0.5247581
C,370,ASN,0.6666969
C,371,SER,0.41755432
C,372,ALA,0.7766326
C,373,SER,0.75715256
C,374,PHE,0.36871687
C,375,SER,0.7284976
C,376,THR,0.4528015
C,377,PHE,0.42709303
C,378,LYS,0.94008994
C,379,CYS,0.19210374
C,380,TYR,0.8882008
C,381,GLY,0.15407816
C,382,VAL,0.058272414
C,383,SER,0.056533016
C,384,PRO,0.20582172
C,385,THR,0.6960033
C,386,LYS,0.5771889
C,387,LEU,0.017469402
C,388,ASN,0.41878963
C,389,ASP,0.3950692
C,390,LEU,0.10011442
C,391,CYS,0.111610316
C,392,PHE,0.022643032
C,393,THR,0.124691755
C,394,ASN,0.23575893
C,395,VAL,0.0
C,396,TYR,0.0857681
C,397,ALA,0.020373542
C,398,ASP,0.0
C,399,SER,0.13532081
C,400,PHE,0.0025158923
C,401,VAL,0.05692126
C,402,ILE,0.023900976
C,403,ARG,0.6296237
C,404,GLY,0.14066628
C,405,ASP,0.95287156
C,406,GLU,0.10640669
C,407,VAL,0.32963052
C,408,ARG,1.6527619
C,409,GLN,0.24536058
C,410,ILE,0.033378534
C,411,ALA,0.10505301
C,412,PRO,0.30004853
C,413,GLY,0.2936302
C,414,GLN,0.60645014
C,415,THR,0.6075438
C,416,GLY,0.110297665
C,417,LYS,0.7098672
C,418,ILE,0.017611247
C,419,ALA,0.039261375
C,420,ASP,1.0355046
C,421,TYR,0.99377835
C,422,ASN,0.112696424
C,423,TYR,0.038653187
C,424,LYS,0.5471117
C,425,LEU,0.06717375
C,426,PRO,0.23146209
C,427,ASP,0.8778995
C,428,ASP,1.2115865
C,429,PHE,0.12984484
C,430,THR,0.41315964
C,431,GLY,0.004912993
C,432,CYS,0.011651382
C,433,VAL,0.06582009
C,434,ILE,0.0
C,435,ALA,0.0037738383
C,436,TRP,0.3301847
C,437,ASN,0.575013
C,438,SER,0.033964545
C,439,ASN,0.31734622
C,440,ASN,1.3677588
C,441,LEU,0.96379256
C,442,ASP,0.03266932
C,443,SER,0.16295105
C,444,LYS,1.3875518
C,447,GLY,0.49324033
C,448,ASN,0.114795774
C,449,TYR,1.4534698
C,450,ASN,1.1388174
C,451,TYR,0.12641063
C,452,LEU,0.45549968
C,453,TYR,0.4310768
C,454,ARG,0.5298733
C,462,LYS,1.8634675
C,463,PRO,0.48120007
C,464,PHE,0.41671655
C,465,GLU,0.9341702
C,466,ARG,1.0762881
C,467,ASP,0.6797728
C,468,ILE,1.154732
C,489,TYR,2.6655061
C,490,PHE,1.5273885
C,491,PRO,0.7752104
C,492,LEU,0.7202512
C,493,GLN,0.71803415
C,494,SER,0.63122344
C,495,TYR,0.28034285
C,496,GLY,0.23357874
C,497,PHE,0.027674817
C,498,GLN,0.74659425
C,499,PRO,0.6602466
C,500,THR,1.2059125
C,501,ASN,0.58992374
C,503,VAL,1.149347
C,504,GLY,0.13454527
C,505,TYR,1.2968428
C,506,GLN,0.25300384
C,507,PRO,0.0
C,508,TYR,0.29270998
C,509,ARG,0.07492536
C,510,VAL,0.008805623
C,511,VAL,0.0
C,512,VAL,0.0
C,513,LEU,0.023900976
C,514,SER,0.16741547
C,515,PHE,0.13063999
C,516,GLU,0.508924
C,517,LEU,0.39763469
C,518,LEU,1.1917918
C,519,HIS,0.52629197
C,520,ALA,0.18019998
C,521,PRO,0.49397734
C,522,ALA,0.19846968
C,523,THR,0.36164653
C,524,VAL,0.0044644126
C,525,CYS,0.101877026
C,526,GLY,0.076033324
C,527,PRO,0.6820614
C,528,LYS,0.8121532
C,529,LYS,1.7846707
C,530,SER,0.54169405
C,531,THR,0.50512695
C,532,ASN,1.2040222
C,533,LEU,0.2886711
C,534,VAL,0.3949951
C,535,LYS,0.6838666
C,536,ASN,1.1691306
C,537,LYS,0.7083876
C,538,CYS,0.13751593
C,539,VAL,0.0
C,540,ASN,0.6942599
C,541,PHE,0.100352004
C,542,ASN,0.11002906
C,543,PHE,0.010063569
C,544,ASN,0.15345053
C,545,GLY,0.0578096
C,546,LEU,0.13172796
C,547,THR,0.41345507
C,548,GLY,0.12508187
C,549,THR,0.45457786
C,550,GLY,0.0
C,551,VAL,0.3245501
C,552,LEU,0.0
C,553,THR,0.3210154
C,554,GLU,1.3775071
C,555,SER,0.38800955
C,556,ASN,1.4066539
C,557,LYS,0.5343805
C,558,LYS,1.385792
C,559,PHE,0.2400385
C,560,LEU,0.36689475
C,561,PRO,1.1586628
C,562,PHE,0.2387766
C,563,GLN,0.006811877
C,564,GLN,0.082583696
C,565,PHE,0.0817665
C,566,GLY,0.004606256
C,567,ARG,0.4965213
C,568,ASP,0.44660905
C,569,ILE,0.83495677
C,570,ALA,0.059735946
C,571,ASP,0.4583488
C,572,THR,0.60272074
C,573,THR,0.38909656
C,574,ASP,0.2959651
C,575,ALA,0.0012579461
C,576,VAL,0.006289731
C,577,ARG,0.23657098
C,578,ASP,0.02120596
C,579,PRO,0.22248141
C,580,GLN,0.58232766
C,581,THR,0.669426
C,582,LEU,1.3063403
C,583,GLU,0.6520724
C,584,ILE,0.25516704
C,585,LEU,0.0037738383
C,586,ASP,0.27481505
C,587,ILE,0.18526177
C,588,THR,0.59740937
C,589,PRO,0.42321134
C,590,CYS,0.16417466
C,591,SER,0.33550704
C,592,PHE,0.38152528
C,593,GLY,0.043790534
C,594,GLY,0.08534618
C,595,VAL,0.12202077
C,596,SER,0.059153467
C,597,VAL,0.0025158923
C,598,ILE,0.021385083
C,599,THR,0.0
C,600,PRO,0.07799266
C,601,GLY,0.10723303
C,602,THR,0.33962262
C,603,ASN,1.5355186
C,604,THR,0.93716025
C,605,SER,0.16251418
C,606,ASN,1.02252
C,607,GLN,0.72509897
C,608,VAL,0.3255399
C,609,ALA,0.0012579461
C,610,VAL,0.14454502
C,611,LEU,0.05157579
C,612,TYR,0.48283577
C,613,GLN,0.1778357
C,614,ASP,1.0848545
C,615,VAL,0.1501884
C,616,ASN,0.87846977
C,617,CYS,0.50024086
C,618,THR,0.9017391
C,619,GLU,1.0463238
C,620,VAL,0.6503031
C,641,ASN,1.1974394
C,642,VAL,0.88571644
C,643,PHE,0.30064914
C,644,GLN,0.8128711
C,645,THR,0.15209962
C,646,ARG,2.1582813
C,647,ALA,0.07997118
C,648,GLY,0.015640553
C,649,CYS,0.013404129
C,650,LEU,0.0025158923
C,651,ILE,0.5738139
C,652,GLY,0.23999979
C,653,ALA,0.017167076
C,654,GLU,0.90344656
C,655,HIS,0.9962209
C,656,VAL,0.2786594
C,657,ASN,1.5658753
C,658,ASN,0.9221453
C,659,SER,0.64302385
C,660,TYR,0.75247633
C,661,GLU,1.5518165
C,662,CYS,0.5521119
C,663,ASP,0.6129643
C,664,ILE,0.08805623
C,665,PRO,0.52211493
C,666,ILE,0.23050326
C,667,GLY,0.017611247
C,668,ALA,0.26131725
C,669,GLY,0.017611247
C,670,ILE,0.1333423
C,671,CYS,0.0
C,672,ALA,0.010063569
C,673,SER,0.070326194
C,674,TYR,0.512461
C,675,GLN,0.6777438
C,676,THR,1.3584876
C,689,SER,1.3541297
C,690,GLN,0.9310447
C,691,SER,0.29973486
C,692,ILE,0.045432314
C,693,ILE,0.098119795
C,694,ALA,0.0
C,695,TYR,0.011161031
C,696,THR,0.69918334
C,697,MET,0.18379338
C,698,SER,0.39902347
C,699,LEU,0.19505419
C,700,GLY,0.3087656
C,701,ALA,0.5654756
C,702,GLU,1.3037131
C,703,ASN,0.5564158
C,704,SER,0.6896714
C,705,VAL,0.12816139
C,706,ALA,0.6622238
C,707,TYR,0.23126741
C,708,SER,0.30039543
C,709,ASN,1.0573857
C,710,ASN,0.72885835
C,711,SER,0.20161507
C,712,ILE,0.079250604
C,713,ALA,0.10707863
C,714,ILE,0.010063569
C,715,PRO,0.045286063
C,716,THR,0.37477157
C,717,ASN,0.52241886
C,718,PHE,0.036991887
C,719,THR,0.5175427
C,720,ILE,0.087111965
C,721,SER,0.33492738
C,722,VAL,0.19224636
C,723,THR,0.4951307
C,724,THR,0.51680577
C,725,GLU,0.4572286
C,726,ILE,0.1503321
C,727,LEU,0.10692542
C,728,PRO,0.17359658
C,729,VAL,0.020127138
C,730,SER,0.13552994
C,731,MET,0.035733942
C,732,THR,0.4354748
C,733,LYS,0.26804268
C,734,THR,0.10564872
C,735,SER,0.18127152
C,736,VAL,0.072058305
C,737,ASP,0.2187539
C,738,CYS,0.021714952
C,739,THR,0.5400253
C,740,MET,0.29799694
C,741,TYR,0.060553253
C,742,ILE,0.01688339
C,743,CYS,0.05692126
C,744,GLY,0.31972897
C,745,ASP,1.0791236
C,746,SER,0.079660125
C,747,THR,0.94105077
C,748,GLU,1.0236821
C,749,CYS,0.014744542
C,750,SER,0.33386397
C,751,ASN,0.894382
C,752,LEU,0.14077118
C,753,LEU,0.107153185
C,754,LEU,1.203784
C,755,GLN,0.6191983
C,756,TYR,0.24929382
C,757,GLY,0.34308374
C,758,SER,0.26174673
C,759,PHE,0.012153933
C,760,CYS,0.11960011
C,761,THR,0.76739985
C,762,GLN,0.3634952
C,763,LEU,0.13963202
C,764,ASN,0.4226157
C,765,ARG,1.1850002
C,766,ALA,0.16269076
C,767,LEU,0.09181143
C,768,THR,0.6551422
C,769,GLY,0.37539706
C,770,ILE,0.10896615
C,771,ALA,0.0762365
C,772,VAL,0.9125224
C,773,GLU,0.360936
C,774,GLN,0.040642522
C,775,ASP,0.29905564
C,776,LYS,1.1217041
C,777,ASN,0.049534068
C,778,THR,0.18148793
C,779,GLN,0.7646564
C,780,GLU,0.7773856
C,781,VAL,0.0
C,782,PHE,0.05534963
C,783,ALA,0.3208261
C,784,GLN,0.4592171
C,785,VAL,0.11657482
C,786,LYS,1.2869344
C,787,GLN,0.41974428
C,788,ILE,0.28121257
C,789,TYR,0.031534575
C,790,LYS,0.93696773
C,791,THR,0.35856083
C,792,PRO,0.18311583
C,793,PRO,1.2523471
C,794,ILE,1.1408153
C,795,LYS,1.1082757
C,796,ASP,0.48170424
C,797,PHE,0.03289542
C,798,GLY,0.32706672
C,799,GLY,0.5231635
C,800,PHE,0.093241215
C,801,ASN,0.8207842
C,802,PHE,0.059878763
C,803,SER,0.62527925
C,804,GLN,0.5857382
C,805,ILE,0.05097114
C,806,LEU,0.13961339
C,807,PRO,0.46163744
C,808,ASP,0.5095923
C,809,PRO,1.0612866
C,810,SER,1.0446085
C,811,LYS,0.7862586
C,812,PRO,1.3553913
C,813,SER,0.2962191
C,814,LYS,1.2910657
C,815,ARG,0.40857893
C,816,SER,0.0012579461
C,817,PHE,0.9506793
C,818,ILE,0.012579462
C,819,GLU,0.05245685
C,820,ASP,0.2462292
C,821,LEU,0.27756193
C,822,LEU,0.006289731
C,823,PHE,0.33346438
C,824,ASN,1.1860945
C,825,LYS,0.7575197
C,826,VAL,0.13843408
C,827,THR,1.323652
C,854,LYS,1.3386981
C,855,PHE,0.8256299
C,856,ASN,0.2785562
C,857,GLY,0.035308413
C,858,LEU,0.20611675
C,859,THR,0.34017268
C,860,VAL,0.80535007
C,861,LEU,0.44339442
C,862,PRO,0.31845713
C,863,PRO,0.6563642
C,864,LEU,0.21762468
C,865,LEU,0.10076672
C,866,THR,0.4106319
C,867,ASP,0.79912055
C,868,GLU,0.95838106
C,869,MET,0.13963202
C,870,ILE,0.15724328
C,871,ALA,0.035468895
C,872,GLN,0.73907685
C,873,TYR,0.11942304
C,874,THR,0.041456297
C,875,SER,0.25825703
C,876,ALA,0.0
C,877,LEU,0.0
C,878,LEU,0.015095353
C,879,ALA,0.0163533
C,880,GLY,0.0
C,881,THR,0.0048899413
C,882,ILE,0.0012579461
C,883,THR,0.0011161031
C,884,SER,0.01785765
C,885,GLY,0.036480438
C,886,TRP,0.6634145
C,887,THR,0.29501268
C,888,PHE,0.12055778
C,889,GLY,0.050952494
C,890,ALA,0.08076741
C,891,GLY,0.0504641
C,892,ALA,0.32321945
C,893,ALA,0.23223469
C,894,LEU,0.13330501
C,895,GLN,0.1209115
C,896,ILE,0.12327872
C,897,PRO,0.0679291
C,898,PHE,0.017562486
C,899,ALA,0.18313621
C,900,MET,0.10405871
C,901,GLN,0.03887754
C,902,MET,0.027674815
C,903,ALA,0.011321515
C,904,TYR,0.33517376
C,905,ARG,0.0034174644
C,906,PHE,0.0
C,907,ASN,0.5740908
C,908,GLY,0.21571685
C,909,ILE,0.15601532
C,910,GLY,0.39224046
C,911,VAL,0.016234508
C,912,THR,0.39886674
C,913,GLN,0.16296802
C,914,ASN,0.007954565
C,915,VAL,0.012579462
C,916,LEU,0.010063569
C,917,TYR,0.07075867
C,918,GLU,0.68829197
C,919,ASN,0.42403963
C,920,GLN,0.09617389
C,921,LYS,1.4883763
C,922,LEU,0.6771039
C,923,ILE,0.010063569
C,924,ALA,0.046544008
C,925,ASN,0.92740685
C,926,GLN,0.3767428
C,927,PHE,0.011321516
C,928,ASN,0.47400063
C,929,SER,0.671939
C,930,ALA,0.1094466
C,931,ILE,0.07925061
C,932,GLY,0.26961267
C,933,LYS,1.4460218
C,934,ILE,0.14675416
C,935,GLN,0.29959708
C,936,ASP,1.0671769
C,937,SER,0.55213296
C,938,LEU,0.077141605
C,939,SER,0.5657256
C,940,SER,0.8709292
C,941,THR,0.5381813
C,942,ALA,0.74513644
C,943,SER,0.93004036
C,944,ALA,0.3143674
C,945,LEU,0.027674817
C,946,GLY,0.31964052
C,947,LYS,1.0982373
C,948,LEU,0.030437112
C,949,GLN,0.47579265
C,950,ASP,0.7407055
C,951,VAL,0.18491808
C,952,VAL,0.40402848
C,953,ASN,0.812152
C,954,GLN,0.6667217
C,955,ASN,0.10619491
C,956,ALA,0.44690597
C,957,GLN,0.79781073
C,958,ALA,0.17814338
C,959,LEU,0.40574926
C,960,ASN,0.84684503
C,961,THR,0.18129745
C,962,LEU,0.041037053
C,963,VAL,0.20001344
C,964,LYS,0.9934821
C,965,GLN,0.035592098
C,966,LEU,0.07825771
C,967,SER,0.48997658
C,968,SER,0.10527194
C,969,ASN,0.48619026
C,970,PHE,0.13522759
C,971,GLY,0.22489274
C,972,ALA,0.08636547
C,973,ILE,0.84926367
C,974,SER,0.16430221
C,975,SER,0.06940586
C,976,VAL,0.31322858
C,977,LEU,0.1406249
C,978,ASN,0.43621355
C,979,ASP,0.17057331
C,980,ILE,0.0
C,981,LEU,0.35347557
C,982,SER,0.20744574
C,983,ARG,0.38027382
C,984,LEU,0.1337119
C,985,ASP,0.27435952
C,986,PRO,0.7634545
C,987,PRO,0.57091284
C,988,GLU,0.8725195
C,989,ALA,0.0327066
C,990,GLU,0.8850471
C,991,VAL,0.69980633
C,992,GLN,0.21311769
C,993,ILE,0.018869191
C,994,ASP,0.46218583
C,995,ARG,1.0338774
C,996,LEU,0.02893276
C,997,ILE,0.0050317845
C,998,THR,0.6985151
C,999,GLY,0.034509744
C,1000,ARG,0.1656526
C,1001,LEU,0.02264303
C,1002,GLN,0.34337026
C,1003,SER,0.067108035
C,1004,LEU,0.038996328
C,1005,GLN,0.28910923
C,1006,THR,0.24199
C,1007,TYR,0.12532386
C,1008,VAL,0.033964545
C,1009,THR,0.22439265
C,1010,GLN,0.4548468
C,1011,GLN,0.03415159
C,1012,LEU,0.2530563
C,1013,ILE,0.27208596
C,1014,ARG,0.37920913
C,1015,ALA,0.021385085
C,1016,ALA,0.3238709
C,1017,GLU,0.78684866
C,1018,ILE,0.08805623
C,1019,ARG,0.49873084
C,1020,ALA,0.5826416
C,1021,SER,0.21059817
C,1022,ALA,0.021650128
C,1023,ASN,0.70270395
C,1024,LEU,0.6886417
C,1025,ALA,0.0
C,1026,ALA,0.14505205
C,1027,THR,0.43597555
C,1028,LYS,0.0831583
C,1029,MET,0.0
C,1030,SER,0.13942698
C,1031,GLU,0.112375446
C,1032,CYS,0.0011161031
C,1033,VAL,0.0044644126
C,1034,LEU,0.01633466
C,1035,GLY,0.021385085
C,1036,GLN,0.36799338
C,1037,SER,0.11458902
C,1038,LYS,1.4497039
C,1039,ARG,0.3677412
C,1040,VAL,0.39625832
C,1041,ASP,0.4916211
C,1042,PHE,0.14507069
C,1043,CYS,0.015046594
C,1044,GLY,0.14989324
C,1045,LYS,0.96522576
C,1046,GLY,0.13283932
C,1047,TYR,0.44300613
C,1048,HIS,0.09263588
C,1049,LEU,0.0
C,1050,MET,0.0076301433
C,1051,SER,0.0034174644
C,1052,PHE,0.0025158923
C,1053,PRO,0.0011161031
C,1054,GLN,0.018345268
C,1055,SER,0.009779883
C,1056,ALA,0.08705605
C,1057,PRO,0.22710225
C,1058,HIS,0.7298489
C,1059,GLY,0.047521777
C,1060,VAL,0.0
C,1061,VAL,0.013837407
C,1062,PHE,0.0
C,1063,LEU,0.0075476766
C,1064,HIS,0.012579462
C,1065,VAL,0.010063569
C,1066,THR,0.0
C,1067,TYR,0.013128193
C,1068,VAL,0.20881906
C,1069,PRO,0.21897991
C,1070,ALA,0.4838919
C,1071,GLN,1.0279932
C,1072,GLU,0.74929184
C,1073,LYS,1.1418028
C,1074,ASN,1.1949563
C,1075,PHE,0.12914291
C,1076,THR,0.595613
C,1077,THR,0.093629465
C,1078,ALA,0.02414738
C,1079,PRO,0.16950175
C,1080,ALA,0.0
C,1081,ILE,0.0012579461
C,1082,CYS,0.07149825
C,1083,HIS,0.70545
C,1084,ASP,1.1106491
C,1085,GLY,0.34014618
C,1086,LYS,0.8890443
C,1087,ALA,0.0
C,1088,HIS,0.097525835
C,1089,PHE,0.0
C,1090,PRO,0.037454695
C,1091,ARG,1.2516894
C,1092,GLU,1.419013
C,1093,GLY,0.08214402
C,1094,VAL,0.03522249
C,1095,PHE,0.0056957738
C,1096,VAL,0.0037738383
C,1097,SER,0.12528723
C,1098,ASN,0.9277942
C,1099,GLY,0.6490789
C,1100,THR,1.088968
C,1101,HIS,1.0973945
C,1102,TRP,0.42075306
C,1103,PHE,0.34341928
C,1104,VAL,0.036338594
C,1105,THR,0.031448655
C,1106,GLN,0.2559517
C,1107,ARG,0.9348841
C,1108,ASN,0.29637313
C,1109,PHE,0.24152565
C,1110,TYR,0.48471296
C,1111,GLU,0.39003465
C,1112,PRO,0.5924521
C,1113,GLN,0.75144017
C,1114,ILE,1.0408719
C,1115,ILE,0.03814703
C,1116,THR,0.17812826
C,1117,THR,0.48594087
C,1118,ASP,1.020898
C,1119,ASN,0.37488765
C,1120,THR,0.03906361
C,1121,PHE,0.4352494
C,1122,VAL,0.62327856
C,1123,SER,0.19041675
C,1124,GLY,0.47558495
C,1125,ASN,0.670666
C,1126,CYS,0.35574397
C,1127,ASP,1.4512956
C,1128,VAL,0.6545429
C,1129,VAL,0.1116476
C,1130,ILE,0.8915973
C,1131,GLY,0.45915106
C,1132,ILE,0.3591151
C,1133,VAL,0.35599875
C,1134,ASN,1.2775217
C,1135,ASN,0.4883269
C,1136,THR,0.9515755
C,1137,VAL,0.10395808
C,1138,TYR,1.0688891
C,1139,ASP,0.64931273
C,1140,PRO,0.4580083
C,1141,LEU,0.32666087
C,1142,GLN,1.0445082
C,1143,PRO,0.53070414
C,1144,GLU,1.0162472
C,1145,LEU,0.6327177
C,1146,ASP,1.1450431
C,1147,SER,1.3359578
